,ticker,x1_filter,x2_filter,x3_filter,x1_filter_var,x2_filter_var,x3_filter_var,x1_pred,x2_pred,x3_pred,x1_pred_var,x2_pred_var,x3_pred_var,x1_smooth,x2_smooth,x3_smooth,x1_smooth_var,x2_smooth_var,x3_smooth_var
1,1986-01-31,0.057562861,0.045957894,0.030587697,4.70E-07,1.22E-06,3.34E-06,0.05,0.04,0.03,4.00E-06,4.00E-06,4.00E-06,0.057226742,0.046893178,0.029897776,4.47E-07,1.15E-06,3.18E-06
2,1986-02-28,0.051566796,0.058217013,0.017001069,1.42E-06,1.90E-06,1.72E-05,0.057132007,0.045038276,0.031291873,7.65E-06,2.18E-05,5.23E-05,0.050553372,0.058284009,0.02089185,1.17E-06,1.73E-06,1.37E-05
3,1986-03-31,0.047063109,0.050397265,0.016670875,1.52E-06,1.92E-06,1.88E-05,0.051180822,0.056627653,0.018185718,8.58E-06,2.25E-05,6.52E-05,0.045654062,0.050534206,0.02324011,1.23E-06,1.75E-06,1.47E-05
4,1986-04-30,0.044861324,0.045275578,0.034815462,1.53E-06,1.92E-06,1.90E-05,0.046710846,0.049025275,0.017867201,8.68E-06,2.25E-05,6.67E-05,0.043956833,0.045523557,0.039140628,1.24E-06,1.75E-06,1.48E-05
5,1986-05-30,0.043730275,0.046076284,0.054201261,1.53E-06,1.92E-06,1.90E-05,0.044525541,0.044474208,0.035370129,8.69E-06,2.25E-05,6.68E-05,0.043805476,0.04603108,0.05358509,1.24E-06,1.75E-06,1.48E-05
6,1986-06-30,0.04286762,0.043745127,0.047234438,1.53E-06,1.92E-06,1.90E-05,0.043402957,0.04570402,0.054070375,8.69E-06,2.25E-05,6.69E-05,0.042382136,0.044118299,0.048826306,1.24E-06,1.75E-06,1.48E-05
7,1986-07-31,0.040597965,0.046101816,0.052561658,1.53E-06,1.92E-06,1.90E-05,0.04254676,0.043277466,0.047349925,8.69E-06,2.25E-05,6.69E-05,0.040271333,0.046598111,0.0528647,1.24E-06,1.75E-06,1.48E-05
8,1986-08-29,0.036877825,0.050561808,0.050137399,1.53E-06,1.92E-06,1.90E-05,0.040294092,0.045690575,0.052488754,8.69E-06,2.25E-05,6.69E-05,0.036745494,0.050381572,0.051565634,1.24E-06,1.75E-06,1.48E-05
9,1986-09-30,0.038323966,0.048782071,0.059486673,1.53E-06,1.92E-06,1.90E-05,0.036601798,0.049965654,0.050150226,8.69E-06,2.25E-05,6.69E-05,0.038729724,0.048449889,0.058381144,1.24E-06,1.75E-06,1.48E-05
10,1986-10-31,0.040776393,0.045964699,0.057225469,1.53E-06,1.92E-06,1.90E-05,0.038037114,0.048455204,0.059168875,8.69E-06,2.25E-05,6.69E-05,0.040726446,0.046061966,0.056972568,1.24E-06,1.75E-06,1.48E-05
11,1986-11-28,0.038993137,0.045720079,0.052903418,1.53E-06,1.92E-06,1.90E-05,0.040471185,0.045666183,0.056987636,8.69E-06,2.25E-05,6.69E-05,0.038859281,0.045754984,0.053521252,1.24E-06,1.75E-06,1.48E-05
12,1986-12-31,0.038856123,0.045828116,0.053187082,1.53E-06,1.92E-06,1.90E-05,0.038701277,0.045327797,0.052818429,8.69E-06,2.25E-05,6.69E-05,0.038502622,0.045438984,0.055196221,1.24E-06,1.75E-06,1.48E-05
13,1987-01-30,0.036895759,0.037368094,0.056493938,1.53E-06,1.92E-06,1.90E-05,0.038565288,0.04543934,0.05309206,8.69E-06,2.25E-05,6.69E-05,0.037655888,0.036812441,0.054257815,1.24E-06,1.75E-06,1.48E-05
14,1987-02-27,0.041116149,0.034152846,0.051286789,1.53E-06,1.92E-06,1.90E-05,0.036619597,0.037299949,0.056281975,8.69E-06,2.25E-05,6.69E-05,0.041277104,0.033642474,0.051456921,1.24E-06,1.75E-06,1.48E-05
15,1987-03-31,0.042750167,0.02663694,0.050428083,1.53E-06,1.92E-06,1.90E-05,0.040808398,0.034055792,0.051258969,8.69E-06,2.25E-05,6.69E-05,0.042771383,0.027220318,0.050285414,1.24E-06,1.75E-06,1.48E-05
16,1987-04-30,0.045283736,0.038604156,0.059040297,1.53E-06,1.92E-06,1.90E-05,0.042430185,0.026736186,0.05043063,8.69E-06,2.25E-05,6.69E-05,0.04453674,0.039146514,0.061556638,1.24E-06,1.75E-06,1.48E-05
17,1987-05-29,0.041695239,0.043197148,0.066847635,1.53E-06,1.92E-06,1.90E-05,0.044944791,0.038559825,0.058738285,8.69E-06,2.25E-05,6.69E-05,0.041579892,0.043231736,0.067414015,1.24E-06,1.75E-06,1.48E-05
18,1987-06-30,0.041495432,0.043283228,0.067955705,1.53E-06,1.92E-06,1.90E-05,0.041383153,0.043202716,0.066269526,8.69E-06,2.25E-05,6.69E-05,0.041359856,0.043518206,0.068838236,1.24E-06,1.75E-06,1.48E-05
19,1987-07-31,0.043221356,0.048602045,0.074280294,1.53E-06,1.92E-06,1.90E-05,0.041184842,0.043312164,0.067338412,8.69E-06,2.25E-05,6.69E-05,0.042732798,0.048623924,0.077065551,1.24E-06,1.75E-06,1.48E-05
20,1987-08-31,0.044248751,0.048596041,0.084102351,1.53E-06,1.92E-06,1.90E-05,0.042897847,0.048625405,0.07343934,8.69E-06,2.25E-05,6.69E-05,0.04380938,0.048698817,0.086624299,1.24E-06,1.75E-06,1.48E-05
21,1987-09-30,0.045363166,0.051050029,0.096141101,1.53E-06,1.92E-06,1.90E-05,0.043917553,0.048848663,0.082914052,8.69E-06,2.25E-05,6.69E-05,0.045120183,0.050753328,0.096689235,1.24E-06,1.75E-06,1.48E-05
22,1987-10-30,0.041465451,0.041869235,0.082037545,1.53E-06,1.92E-06,1.90E-05,0.045023627,0.05151281,0.094527069,8.69E-06,2.25E-05,6.69E-05,0.041083921,0.041936875,0.084255591,1.24E-06,1.75E-06,1.48E-05
23,1987-11-30,0.042004381,0.043482076,0.094047428,1.53E-06,1.92E-06,1.90E-05,0.041155086,0.042267313,0.080922266,8.69E-06,2.25E-05,6.69E-05,0.042225004,0.043561237,0.092794685,1.24E-06,1.75E-06,1.48E-05
24,1987-12-31,0.041633234,0.045864759,0.089610282,1.53E-06,1.92E-06,1.90E-05,0.041689982,0.04411385,0.092507435,8.69E-06,2.25E-05,6.69E-05,0.041637431,0.046002516,0.088440808,1.24E-06,1.75E-06,1.48E-05
25,1988-01-29,0.037471221,0.045074402,0.076455115,1.53E-06,1.92E-06,1.90E-05,0.041321613,0.046324461,0.088227203,8.69E-06,2.25E-05,6.69E-05,0.037434559,0.045117414,0.076534076,1.24E-06,1.75E-06,1.48E-05
26,1988-02-29,0.036157993,0.046322624,0.077435259,1.53E-06,1.92E-06,1.90E-05,0.037190752,0.045250023,0.075537251,8.69E-06,2.25E-05,6.69E-05,0.036916871,0.045668218,0.075738808,1.24E-06,1.75E-06,1.48E-05
27,1988-03-31,0.041803167,0.042850582,0.077521636,1.53E-06,1.92E-06,1.90E-05,0.035887354,0.046485178,0.076482734,8.69E-06,2.25E-05,6.69E-05,0.042218214,0.042647291,0.076364111,1.24E-06,1.75E-06,1.48E-05
28,1988-04-29,0.044944633,0.043046083,0.076318403,1.53E-06,1.92E-06,1.90E-05,0.041490274,0.043115085,0.076566056,8.69E-06,2.25E-05,6.69E-05,0.044659359,0.043488375,0.076780352,1.24E-06,1.75E-06,1.48E-05
29,1988-05-31,0.043146044,0.047512934,0.074965247,1.53E-06,1.92E-06,1.90E-05,0.044608226,0.043276895,0.075405374,8.69E-06,2.25E-05,6.69E-05,0.042301365,0.048278484,0.077261097,1.24E-06,1.75E-06,1.48E-05
30,1988-06-30,0.037407488,0.05423376,0.079815477,1.53E-06,1.92E-06,1.90E-05,0.0428231,0.047583618,0.07410007,8.69E-06,2.25E-05,6.69E-05,0.037485743,0.054128315,0.080119066,1.24E-06,1.75E-06,1.48E-05
31,1988-07-29,0.039944314,0.054188663,0.082546229,1.53E-06,1.92E-06,1.90E-05,0.037127496,0.054224127,0.078778778,8.69E-06,2.25E-05,6.69E-05,0.039475803,0.054752633,0.084006561,1.24E-06,1.75E-06,1.48E-05
32,1988-08-31,0.037234317,0.061468768,0.093739237,1.53E-06,1.92E-06,1.90E-05,0.039645334,0.05424402,0.081412961,8.69E-06,2.25E-05,6.69E-05,0.037935472,0.06153128,0.089957008,1.24E-06,1.75E-06,1.48E-05
33,1988-09-30,0.036759835,0.064001896,0.079109227,1.53E-06,1.92E-06,1.90E-05,0.036955621,0.06157565,0.092210143,8.69E-06,2.25E-05,6.69E-05,0.036832794,0.064258099,0.077916068,1.24E-06,1.75E-06,1.48E-05
34,1988-10-31,0.033523907,0.066704691,0.074529024,1.53E-06,1.92E-06,1.90E-05,0.036484691,0.063694639,0.078097504,8.69E-06,2.25E-05,6.69E-05,0.034349587,0.066411455,0.071670435,1.24E-06,1.75E-06,1.48E-05
35,1988-11-30,0.037575167,0.067164013,0.070911922,1.53E-06,1.92E-06,1.90E-05,0.033272984,0.066212812,0.073679274,8.69E-06,2.25E-05,6.69E-05,0.037864006,0.067316039,0.069393329,1.24E-06,1.75E-06,1.48E-05
36,1988-12-30,0.037870162,0.070249591,0.06806578,1.53E-06,1.92E-06,1.90E-05,0.03729392,0.066574548,0.070190086,8.69E-06,2.25E-05,6.69E-05,0.037877021,0.070522419,0.067385359,1.24E-06,1.75E-06,1.48E-05
37,1989-01-31,0.035887508,0.072639343,0.066242521,1.53E-06,1.92E-06,1.90E-05,0.037586707,0.069504932,0.067444594,8.69E-06,2.25E-05,6.69E-05,0.036149732,0.073016837,0.064790456,1.24E-06,1.75E-06,1.48E-05
38,1989-02-23,0.035241432,0.080476,0.073965322,1.53E-06,1.92E-06,1.90E-05,0.035618893,0.071783375,0.065685812,8.69E-06,2.25E-05,6.69E-05,0.036779742,0.080220942,0.067122793,1.24E-06,1.75E-06,1.48E-05
39,1989-03-31,0.037119536,0.083111682,0.058830396,1.53E-06,1.92E-06,1.90E-05,0.034977653,0.079574599,0.073135507,8.69E-06,2.25E-05,6.69E-05,0.038809413,0.082354917,0.052043857,1.24E-06,1.75E-06,1.48E-05
40,1989-04-28,0.04123764,0.077618353,0.038265357,1.53E-06,1.92E-06,1.90E-05,0.0368417,0.081781413,0.058535806,8.69E-06,2.25E-05,6.69E-05,0.042040609,0.077295709,0.03478438,1.24E-06,1.75E-06,1.48E-05
41,1989-05-31,0.04185084,0.07376401,0.028481841,1.53E-06,1.92E-06,1.90E-05,0.04092898,0.075966539,0.038698022,8.69E-06,2.25E-05,6.69E-05,0.042554765,0.073695324,0.024946487,1.24E-06,1.75E-06,1.48E-05
42,1989-06-30,0.04161639,0.072856914,0.016971834,1.53E-06,1.92E-06,1.90E-05,0.041537589,0.071994943,0.029260487,8.69E-06,2.25E-05,6.69E-05,0.041919629,0.072827605,0.01550946,1.24E-06,1.75E-06,1.48E-05
43,1989-07-31,0.04231222,0.070605692,0.011375695,1.53E-06,1.92E-06,1.90E-05,0.041304894,0.070845497,0.018157517,8.69E-06,2.25E-05,6.69E-05,0.041703576,0.071429969,0.013001559,1.24E-06,1.75E-06,1.48E-05
44,1989-08-28,0.038888235,0.079036859,0.02267288,1.53E-06,1.92E-06,1.90E-05,0.041995516,0.068528547,0.012759277,8.69E-06,2.25E-05,6.69E-05,0.039080627,0.078970235,0.022324775,1.24E-06,1.75E-06,1.48E-05
45,1989-09-29,0.041361048,0.078001292,0.025622267,1.53E-06,1.92E-06,1.90E-05,0.03859716,0.076980538,0.023656952,8.69E-06,2.25E-05,6.69E-05,0.040896303,0.078427497,0.026691967,1.24E-06,1.75E-06,1.48E-05
46,1989-10-31,0.037580396,0.078665464,0.02698077,1.53E-06,1.92E-06,1.90E-05,0.041051464,0.076043569,0.026502038,8.69E-06,2.25E-05,6.69E-05,0.037389806,0.079049451,0.027482919,1.24E-06,1.75E-06,1.48E-05
47,1989-11-30,0.036946338,0.082571828,0.032969166,1.53E-06,1.92E-06,1.90E-05,0.03729911,0.076720309,0.0278125,8.69E-06,2.25E-05,6.69E-05,0.036839851,0.082655793,0.033299091,1.24E-06,1.75E-06,1.48E-05
48,1989-12-29,0.036470408,0.081458131,0.032106297,1.53E-06,1.92E-06,1.90E-05,0.036669798,0.080653912,0.033589124,8.69E-06,2.25E-05,6.69E-05,0.036104772,0.081357636,0.034600076,1.24E-06,1.75E-06,1.48E-05
49,1990-01-31,0.039697652,0.076981296,0.039850666,1.53E-06,1.92E-06,1.90E-05,0.03619743,0.079552144,0.03275677,8.69E-06,2.25E-05,6.69E-05,0.038007753,0.078593296,0.045377151,1.24E-06,1.75E-06,1.48E-05
50,1990-02-28,0.030578412,0.094593595,0.072480548,1.53E-06,1.92E-06,1.90E-05,0.039400518,0.075384793,0.040227269,8.69E-06,2.25E-05,6.69E-05,0.032618606,0.093583146,0.065653699,1.24E-06,1.75E-06,1.48E-05
51,1990-03-30,0.040308446,0.091791543,0.061118413,1.53E-06,1.92E-06,1.90E-05,0.030349535,0.093251222,0.07170324,8.69E-06,2.25E-05,6.69E-05,0.041512382,0.090723334,0.058230229,1.24E-06,1.75E-06,1.48E-05
52,1990-04-30,0.049277055,0.08191641,0.059620911,1.53E-06,1.92E-06,1.90E-05,0.04000674,0.090264811,0.06074291,8.69E-06,2.25E-05,6.69E-05,0.049179021,0.082820495,0.057464717,1.24E-06,1.75E-06,1.48E-05
53,1990-05-31,0.041385214,0.090370248,0.048933652,1.53E-06,1.92E-06,1.90E-05,0.04890822,0.080638982,0.059298366,8.69E-06,2.25E-05,6.69E-05,0.042082413,0.090039117,0.046232906,1.24E-06,1.75E-06,1.48E-05
54,1990-06-29,0.042561489,0.087603215,0.042895323,1.53E-06,1.92E-06,1.90E-05,0.041075449,0.088600227,0.048989047,8.69E-06,2.25E-05,6.69E-05,0.043529746,0.086705149,0.040049962,1.24E-06,1.75E-06,1.48E-05
55,1990-07-31,0.046786957,0.077869702,0.034401478,1.53E-06,1.92E-06,1.90E-05,0.042242919,0.085772,0.043164256,8.69E-06,2.25E-05,6.69E-05,0.047461288,0.077056258,0.033157856,1.24E-06,1.75E-06,1.48E-05
56,1990-08-31,0.052191175,0.069203457,0.031815728,1.53E-06,1.92E-06,1.90E-05,0.04643676,0.076120532,0.034970784,8.69E-06,2.25E-05,6.69E-05,0.052191888,0.068708515,0.033431105,1.24E-06,1.75E-06,1.48E-05
57,1990-09-28,0.056099788,0.062893215,0.04304009,1.53E-06,1.92E-06,1.90E-05,0.051800528,0.067643414,0.032476476,8.69E-06,2.25E-05,6.69E-05,0.056138844,0.062937283,0.042683178,1.24E-06,1.75E-06,1.48E-05
58,1990-10-31,0.05507621,0.062247711,0.042828752,1.53E-06,1.92E-06,1.90E-05,0.055679886,0.061776594,0.043303903,8.69E-06,2.25E-05,6.69E-05,0.055265518,0.062263224,0.041500221,1.24E-06,1.75E-06,1.48E-05
59,1990-11-30,0.054237331,0.060338139,0.032620091,1.53E-06,1.92E-06,1.90E-05,0.054663969,0.06114474,0.04310004,8.69E-06,2.25E-05,6.69E-05,0.053443583,0.060724875,0.035347607,1.24E-06,1.75E-06,1.48E-05
60,1990-12-31,0.048777174,0.061330313,0.041602093,1.53E-06,1.92E-06,1.90E-05,0.053831369,0.059052024,0.033252394,8.69E-06,2.25E-05,6.69E-05,0.049739009,0.060158371,0.039262446,1.22E-06,1.74E-06,1.46E-05
61,1991-01-31,0.054355993,0.047550181,0.032474162,1.01E-06,1.54E-06,1.59E-05,0.048412081,0.060225136,0.04191676,8.69E-06,2.25E-05,6.69E-05,0.054400383,0.04735076,0.032365945,8.52E-07,1.44E-06,1.27E-05
62,1991-02-28,0.05489684,0.042326913,0.024935626,9.97E-07,1.54E-06,1.57E-05,0.053949143,0.046628733,0.033111625,8.18E-06,2.21E-05,6.40E-05,0.053705772,0.042900438,0.029688167,8.43E-07,1.44E-06,1.26E-05
63,1991-03-28,0.047332031,0.04849325,0.041457247,9.97E-07,1.54E-06,1.57E-05,0.054485942,0.041379976,0.02583968,8.17E-06,2.21E-05,6.38E-05,0.04719881,0.047959626,0.0433283,8.43E-07,1.44E-06,1.26E-05
64,1991-04-30,0.050697526,0.039876374,0.043614897,9.97E-07,1.54E-06,1.57E-05,0.046977755,0.047754179,0.041777036,8.17E-06,2.21E-05,6.38E-05,0.049674524,0.040109369,0.048346673,8.43E-07,1.44E-06,1.26E-05
65,1991-05-31,0.046559757,0.041815299,0.057680107,9.97E-07,1.54E-06,1.57E-05,0.05031806,0.039435644,0.043858383,8.17E-06,2.21E-05,6.38E-05,0.045903183,0.041653141,0.061750812,8.43E-07,1.44E-06,1.26E-05
66,1991-06-28,0.046989003,0.039656692,0.074730633,9.97E-07,1.54E-06,1.57E-05,0.046211261,0.041646818,0.057426196,8.17E-06,2.21E-05,6.38E-05,0.046793234,0.039704505,0.075530728,8.43E-07,1.44E-06,1.26E-05
67,1991-07-31,0.04507751,0.040215569,0.077216186,9.97E-07,1.54E-06,1.57E-05,0.046637294,0.039948026,0.073873753,8.17E-06,2.21E-05,6.38E-05,0.045309689,0.040123509,0.076038612,8.43E-07,1.44E-06,1.26E-05
68,1991-08-30,0.044427317,0.039240312,0.07325153,9.97E-07,1.54E-06,1.57E-05,0.044740109,0.040548791,0.076271408,8.17E-06,2.21E-05,6.38E-05,0.04506791,0.038922693,0.070106013,8.43E-07,1.44E-06,1.26E-05
69,1991-09-30,0.044527227,0.034477312,0.058202044,9.97E-07,1.54E-06,1.57E-05,0.044094783,0.039509133,0.072446957,8.17E-06,2.21E-05,6.38E-05,0.045188324,0.034013583,0.055435776,8.43E-07,1.44E-06,1.26E-05
70,1991-10-31,0.046850311,0.027625691,0.043847188,9.97E-07,1.54E-06,1.57E-05,0.044193945,0.03453221,0.057929676,8.17E-06,2.21E-05,6.38E-05,0.046949347,0.027479918,0.043626834,8.43E-07,1.44E-06,1.26E-05
71,1991-11-29,0.047554739,0.025570429,0.042494656,9.97E-07,1.54E-06,1.57E-05,0.04649964,0.027542985,0.04408246,8.17E-06,2.21E-05,6.38E-05,0.047469709,0.025485832,0.042818596,8.43E-07,1.44E-06,1.26E-05
72,1991-12-31,0.04668441,0.023002633,0.038360092,9.97E-07,1.54E-06,1.57E-05,0.047198795,0.025515333,0.042777758,8.17E-06,2.21E-05,6.38E-05,0.046014567,0.023336464,0.041266549,8.43E-07,1.44E-06,1.26E-05
73,1992-01-31,0.043574751,0.027425148,0.051034907,9.97E-07,1.54E-06,1.57E-05,0.046334981,0.02292501,0.038789407,8.17E-06,2.21E-05,6.38E-05,0.043391789,0.027560597,0.051801327,8.43E-07,1.44E-06,1.26E-05
74,1992-02-28,0.04326753,0.029629471,0.050912598,9.97E-07,1.54E-06,1.57E-05,0.043248598,0.027515861,0.051015995,8.17E-06,2.21E-05,6.38E-05,0.042523492,0.029617534,0.055130383,8.43E-07,1.44E-06,1.26E-05
75,1992-03-31,0.042839765,0.030327536,0.067399605,9.97E-07,1.54E-06,1.57E-05,0.042943676,0.029653884,0.050898011,8.17E-06,2.21E-05,6.38E-05,0.042545608,0.029831379,0.069960674,8.43E-07,1.44E-06,1.26E-05
76,1992-04-30,0.044578652,0.023628247,0.073725712,9.97E-07,1.54E-06,1.57E-05,0.042519113,0.030716399,0.066801977,8.17E-06,2.21E-05,6.38E-05,0.044268207,0.023274442,0.075519847,8.43E-07,1.44E-06,1.26E-05
77,1992-05-29,0.04228641,0.017856578,0.074931682,9.97E-07,1.54E-06,1.57E-05,0.044244985,0.024357483,0.07290437,8.17E-06,2.21E-05,6.38E-05,0.042597997,0.017302218,0.074154304,8.43E-07,1.44E-06,1.26E-05
78,1992-06-30,0.043086457,0.010469338,0.072560008,9.97E-07,1.54E-06,1.57E-05,0.0419699,0.018780066,0.074067692,8.17E-06,2.21E-05,6.38E-05,0.044173746,0.01007114,0.067075883,8.43E-07,1.44E-06,1.26E-05
79,1992-07-31,0.044335977,0.004807629,0.045192317,9.97E-07,1.54E-06,1.57E-05,0.042763959,0.011550133,0.07177989,8.17E-06,2.21E-05,6.38E-05,0.044597839,0.004708794,0.043963364,8.43E-07,1.44E-06,1.26E-05
80,1992-08-31,0.044559276,0.002560203,0.04341218,9.97E-07,1.54E-06,1.57E-05,0.044004126,0.00541306,0.04538002,8.17E-06,2.21E-05,6.38E-05,0.044865808,0.003979688,0.039775261,8.43E-07,1.44E-06,1.26E-05
81,1992-09-30,0.041955456,0.027560973,0.04026884,9.97E-07,1.54E-06,1.57E-05,0.044225753,0.0031888,0.043662835,8.17E-06,2.21E-05,6.38E-05,0.042080221,0.026754094,0.0408666,8.43E-07,1.44E-06,1.26E-05
82,1992-10-30,0.044110132,0.013296606,0.038713991,9.97E-07,1.54E-06,1.57E-05,0.041641423,0.027396669,0.040630655,8.17E-06,2.21E-05,6.38E-05,0.044063298,0.014505929,0.037295288,8.43E-07,1.44E-06,1.26E-05
83,1992-11-30,0.041839705,0.033771016,0.042049284,9.97E-07,1.54E-06,1.57E-05,0.043779972,0.013506602,0.039130791,8.17E-06,2.21E-05,6.38E-05,0.041498195,0.033560751,0.043908918,8.43E-07,1.44E-06,1.26E-05
84,1992-12-31,0.0405328,0.029361239,0.042720086,9.97E-07,1.54E-06,1.57E-05,0.041526539,0.033469497,0.042348136,8.17E-06,2.21E-05,6.38E-05,0.040018845,0.02907664,0.045949732,8.43E-07,1.44E-06,1.26E-05
85,1993-01-29,0.039832952,0.024789609,0.056070003,9.97E-07,1.54E-06,1.57E-05,0.040229416,0.029202291,0.042995216,8.17E-06,2.21E-05,6.38E-05,0.040146315,0.024542392,0.054484899,8.43E-07,1.44E-06,1.26E-05
86,1993-02-26,0.040087445,0.020525121,0.041267494,9.97E-07,1.54E-06,1.57E-05,0.039534806,0.025073617,0.055873031,8.17E-06,2.21E-05,6.38E-05,0.039418021,0.020342161,0.045089722,8.43E-07,1.44E-06,1.26E-05
87,1993-03-31,0.039199488,0.017335075,0.053098583,9.97E-07,1.54E-06,1.57E-05,0.039787394,0.020586619,0.041593994,8.17E-06,2.21E-05,6.38E-05,0.038747598,0.017257832,0.055566949,8.43E-07,1.44E-06,1.26E-05
88,1993-04-30,0.03792805,0.016328447,0.061590664,9.97E-07,1.54E-06,1.57E-05,0.038906083,0.017764339,0.053006692,8.17E-06,2.21E-05,6.38E-05,0.037893942,0.016141527,0.061979817,8.43E-07,1.44E-06,1.26E-05
89,1993-05-31,0.037722664,0.014029361,0.060048865,9.97E-07,1.54E-06,1.57E-05,0.037644161,0.016984753,0.061198462,8.17E-06,2.21E-05,6.38E-05,0.037673086,0.013715432,0.060721763,8.43E-07,1.44E-06,1.26E-05
90,1993-06-30,0.037552835,0.009684414,0.06044005,9.97E-07,1.54E-06,1.57E-05,0.037440313,0.01471588,0.059711186,8.17E-06,2.21E-05,6.38E-05,0.037790057,0.009409428,0.059502681,8.43E-07,1.44E-06,1.26E-05
91,1993-07-30,0.03727648,0.005577638,0.057995717,9.97E-07,1.54E-06,1.57E-05,0.037271755,0.010505115,0.060088538,8.17E-06,2.21E-05,6.38E-05,0.038010081,0.005888788,0.053429831,8.43E-07,1.44E-06,1.26E-05
92,1993-08-31,0.036984806,0.011214746,0.039250912,9.97E-07,1.54E-06,1.57E-05,0.036997469,0.006459531,0.057730645,8.17E-06,2.21E-05,6.38E-05,0.036876116,0.011271522,0.03993906,8.43E-07,1.44E-06,1.26E-05
93,1993-09-30,0.037069114,0.013435751,0.044879453,9.97E-07,1.54E-06,1.57E-05,0.036707978,0.011497186,0.039648725,8.17E-06,2.21E-05,6.38E-05,0.037265592,0.01295208,0.044535644,8.43E-07,1.44E-06,1.26E-05
94,1993-10-29,0.03830546,0.006315797,0.038657143,9.97E-07,1.54E-06,1.57E-05,0.036791655,0.013785544,0.04507822,8.17E-06,2.21E-05,6.38E-05,0.038241236,0.005952068,0.039766626,8.43E-07,1.44E-06,1.26E-05
95,1993-11-30,0.040661836,0.00121987,0.039114548,9.97E-07,1.54E-06,1.57E-05,0.038018747,0.006725393,0.039075953,8.17E-06,2.21E-05,6.38E-05,0.03979736,0.001453896,0.042673628,8.43E-07,1.44E-06,1.26E-05
96,1993-12-31,0.035771665,0.002716262,0.045755405,9.97E-07,1.54E-06,1.57E-05,0.040357486,0.001786808,0.039517183,8.17E-06,2.21E-05,6.38E-05,0.034725723,0.003114234,0.049872035,8.43E-07,1.44E-06,1.26E-05
97,1994-01-31,0.028594472,0.00678198,0.056528061,9.97E-07,1.54E-06,1.57E-05,0.035503917,0.003395021,0.045923195,8.17E-06,2.21E-05,6.38E-05,0.028335352,0.006813837,0.058417322,8.43E-07,1.44E-06,1.26E-05
98,1994-02-28,0.030362856,0.008751179,0.069848794,9.97E-07,1.54E-06,1.57E-05,0.028380445,0.007594978,0.056314891,8.17E-06,2.21E-05,6.38E-05,0.030397186,0.009662667,0.068974987,8.43E-07,1.44E-06,1.26E-05
99,1994-03-31,0.031209237,0.026556276,0.078439733,9.97E-07,1.54E-06,1.57E-05,0.030135592,0.00981819,0.069164554,8.17E-06,2.21E-05,6.38E-05,0.031235823,0.026661563,0.078378939,8.43E-07,1.44E-06,1.26E-05
100,1994-04-29,0.03232857,0.029743531,0.077441119,9.97E-07,1.54E-06,1.57E-05,0.030975639,0.027311185,0.077451686,8.17E-06,2.21E-05,6.38E-05,0.031908468,0.029748218,0.080045742,8.43E-07,1.44E-06,1.26E-05
101,1994-05-31,0.03312126,0.031526762,0.088593892,9.97E-07,1.54E-06,1.57E-05,0.032086594,0.030383411,0.076488386,8.17E-06,2.21E-05,6.38E-05,0.032969806,0.031388999,0.090290775,8.43E-07,1.44E-06,1.26E-05
102,1994-06-30,0.036663487,0.032421171,0.095665956,9.97E-07,1.54E-06,1.57E-05,0.03287335,0.032375443,0.087246756,8.17E-06,2.21E-05,6.38E-05,0.036115029,0.032116957,0.098897935,8.43E-07,1.44E-06,1.26E-05
103,1994-07-29,0.035686306,0.027933591,0.101752681,9.97E-07,1.54E-06,1.57E-05,0.036389064,0.033409057,0.094068726,8.17E-06,2.21E-05,6.38E-05,0.035284818,0.02778329,0.103622979,8.43E-07,1.44E-06,1.26E-05
104,1994-08-31,0.032615564,0.025479555,0.10127755,9.97E-07,1.54E-06,1.57E-05,0.035419197,0.029192607,0.099940202,8.17E-06,2.21E-05,6.38E-05,0.032610624,0.025090684,0.102184391,8.43E-07,1.44E-06,1.26E-05
105,1994-09-30,0.03444409,0.021623068,0.103156845,9.97E-07,1.54E-06,1.57E-05,0.032371439,0.026798123,0.099481873,8.17E-06,2.21E-05,6.38E-05,0.034689181,0.021371201,0.102704348,8.43E-07,1.44E-06,1.26E-05
106,1994-10-31,0.037413887,0.02004459,0.103123875,9.97E-07,1.54E-06,1.57E-05,0.034186278,0.023096469,0.10129471,8.17E-06,2.21E-05,6.38E-05,0.037538296,0.020541019,0.101561073,8.43E-07,1.44E-06,1.26E-05
107,1994-11-30,0.034823341,0.028448667,0.102126145,9.97E-07,1.54E-06,1.57E-05,0.037133848,0.021562654,0.101262906,8.17E-06,2.21E-05,6.38E-05,0.035478108,0.029215044,0.097407934,8.43E-07,1.44E-06,1.26E-05
108,1994-12-30,0.033041508,0.042132834,0.089764717,9.97E-07,1.54E-06,1.57E-05,0.034562691,0.029701569,0.10030046,8.17E-06,2.21E-05,6.38E-05,0.033718512,0.042201652,0.086332726,8.43E-07,1.44E-06,1.26E-05
109,1995-01-31,0.034609598,0.04527589,0.081086984,9.97E-07,1.54E-06,1.57E-05,0.032794195,0.042703552,0.088376177,8.17E-06,2.21E-05,6.38E-05,0.035346286,0.044959222,0.077317901,8.43E-07,1.44E-06,1.26E-05
110,1995-02-28,0.034503839,0.039535147,0.062975833,9.97E-07,1.54E-06,1.57E-05,0.034350548,0.045553745,0.08000532,8.17E-06,2.21E-05,6.38E-05,0.035120374,0.039786895,0.059529109,8.43E-07,1.44E-06,1.26E-05
111,1995-03-31,0.035950341,0.044669701,0.052290496,9.97E-07,1.54E-06,1.57E-05,0.034245581,0.039555811,0.062534645,8.17E-06,2.21E-05,6.38E-05,0.035942566,0.044567665,0.052292561,8.43E-07,1.44E-06,1.26E-05
112,1995-04-28,0.035076684,0.042307325,0.049295069,9.97E-07,1.54E-06,1.57E-05,0.035681255,0.044293355,0.052227181,8.17E-06,2.21E-05,6.38E-05,0.03499867,0.042056487,0.049813744,8.43E-07,1.44E-06,1.26E-05
113,1995-05-31,0.034464824,0.037233538,0.044112616,9.97E-07,1.54E-06,1.57E-05,0.034814138,0.04192911,0.049337683,8.17E-06,2.21E-05,6.38E-05,0.033957935,0.037002079,0.047192174,8.43E-07,1.44E-06,1.26E-05
114,1995-06-30,0.034268656,0.033565546,0.05168821,9.97E-07,1.54E-06,1.57E-05,0.034206858,0.036880484,0.044338501,8.17E-06,2.21E-05,6.38E-05,0.033857517,0.032988697,0.055348523,8.43E-07,1.44E-06,1.26E-05
115,1995-07-28,0.037308775,0.025370211,0.068712819,9.97E-07,1.54E-06,1.57E-05,0.034012158,0.033494759,0.051646195,8.17E-06,2.21E-05,6.38E-05,0.037387529,0.025752992,0.067231526,8.43E-07,1.44E-06,1.26E-05
116,1995-08-31,0.033917798,0.030612087,0.061548665,9.97E-07,1.54E-06,1.57E-05,0.037029522,0.025932389,0.068068751,8.17E-06,2.21E-05,6.38E-05,0.033979987,0.030723516,0.060844913,8.43E-07,1.44E-06,1.26E-05
117,1995-09-29,0.03291272,0.032266956,0.05548194,9.97E-07,1.54E-06,1.57E-05,0.033663926,0.030856293,0.061157948,8.17E-06,2.21E-05,6.38E-05,0.032558225,0.032078935,0.057408124,8.43E-07,1.44E-06,1.26E-05
118,1995-10-31,0.031335589,0.028224549,0.059779237,9.97E-07,1.54E-06,1.57E-05,0.032666371,0.032322031,0.055305764,8.17E-06,2.21E-05,6.38E-05,0.031224119,0.028376592,0.059610512,8.43E-07,1.44E-06,1.26E-05
119,1995-11-30,0.027984082,0.029538871,0.054978775,9.97E-07,1.54E-06,1.57E-05,0.031101045,0.028496205,0.059451093,8.17E-06,2.21E-05,6.38E-05,0.027983868,0.029313828,0.05538841,8.43E-07,1.44E-06,1.26E-05
120,1995-12-29,0.028485113,0.026793069,0.055050214,9.97E-07,1.54E-06,1.57E-05,0.027774624,0.029660732,0.054820393,8.17E-06,2.21E-05,6.38E-05,0.028643942,0.026218553,0.055357346,8.43E-07,1.44E-06,1.26E-05
121,1996-01-31,0.031670654,0.018811464,0.051635677,9.97E-07,1.54E-06,1.57E-05,0.028271905,0.026995627,0.054889306,8.17E-06,2.21E-05,6.38E-05,0.031343071,0.018610761,0.054196705,8.43E-07,1.44E-06,1.26E-05
122,1996-02-29,0.034175793,0.017330244,0.06205694,9.97E-07,1.54E-06,1.57E-05,0.031433601,0.019164113,0.051595519,8.17E-06,2.21E-05,6.38E-05,0.033663573,0.01729904,0.064841407,8.43E-07,1.44E-06,1.26E-05
123,1996-03-29,0.033281429,0.01767979,0.070252066,9.97E-07,1.54E-06,1.57E-05,0.03391999,0.017968591,0.061648249,8.17E-06,2.21E-05,6.38E-05,0.03297462,0.017257159,0.072802964,8.43E-07,1.44E-06,1.26E-05
124,1996-04-30,0.035401958,0.012022294,0.076474761,9.97E-07,1.54E-06,1.57E-05,0.03303232,0.018499219,0.069553565,8.17E-06,2.21E-05,6.38E-05,0.034735072,0.012343575,0.079074188,8.43E-07,1.44E-06,1.26E-05
125,1996-05-31,0.030869072,0.016772328,0.083819219,9.97E-07,1.54E-06,1.57E-05,0.035136977,0.013149698,0.075556202,8.17E-06,2.21E-05,6.38E-05,0.030764867,0.016653906,0.084585603,8.43E-07,1.44E-06,1.26E-05
126,1996-06-27,0.031093531,0.016243912,0.083746497,9.97E-07,1.54E-06,1.57E-05,0.03063802,0.017934315,0.082640933,8.17E-06,2.21E-05,6.38E-05,0.030862232,0.016064846,0.085131106,8.43E-07,1.44E-06,1.26E-05
127,1996-07-31,0.030379461,0.014379215,0.08477334,9.97E-07,1.54E-06,1.57E-05,0.030860798,0.017419413,0.082570783,8.17E-06,2.21E-05,6.38E-05,0.030258022,0.014058968,0.085833119,8.43E-07,1.44E-06,1.26E-05
128,1996-08-30,0.030335274,0.010389321,0.084779959,9.97E-07,1.54E-06,1.57E-05,0.030152074,0.015632336,0.083561313,8.17E-06,2.21E-05,6.38E-05,0.030342277,0.010174572,0.084830755,8.43E-07,1.44E-06,1.26E-05
129,1996-09-30,0.029866892,0.007616631,0.079125095,9.97E-07,1.54E-06,1.57E-05,0.030108217,0.011757436,0.083567698,8.17E-06,2.21E-05,6.38E-05,0.029527511,0.007572231,0.080131148,8.43E-07,1.44E-06,1.26E-05
130,1996-10-31,0.025213176,0.005550658,0.073377794,9.97E-07,1.54E-06,1.57E-05,0.029643341,0.008932658,0.078112811,8.17E-06,2.21E-05,6.38E-05,0.024942638,0.005456637,0.074472709,8.43E-07,1.44E-06,1.26E-05
131,1996-11-29,0.02248344,0.003808938,0.070996024,9.97E-07,1.54E-06,1.57E-05,0.025024458,0.006792099,0.072568755,8.17E-06,2.21E-05,6.38E-05,0.022384955,0.003683176,0.072150536,8.43E-07,1.44E-06,1.26E-05
132,1996-12-31,0.024510551,0.00455692,0.07695994,9.97E-07,1.54E-06,1.57E-05,0.022315153,0.005044958,0.070271213,8.17E-06,2.21E-05,6.38E-05,0.024494066,0.004279832,0.077749849,8.43E-07,1.44E-06,1.26E-05
133,1997-01-31,0.02659947,0.002103239,0.078531254,9.97E-07,1.54E-06,1.57E-05,0.024327092,0.005910513,0.076024224,8.17E-06,2.21E-05,6.38E-05,0.026304449,0.002261407,0.079539893,8.43E-07,1.44E-06,1.26E-05
134,1997-02-28,0.024136027,0.004893577,0.078647159,9.97E-07,1.54E-06,1.57E-05,0.026400375,0.003564104,0.07753997,8.17E-06,2.21E-05,6.38E-05,0.023874201,0.005023512,0.080085966,8.43E-07,1.44E-06,1.26E-05
135,1997-03-31,0.024624162,0.008851557,0.084991491,9.97E-07,1.54E-06,1.57E-05,0.023955371,0.006276833,0.077651776,8.17E-06,2.21E-05,6.38E-05,0.024232466,0.008984208,0.08653249,8.43E-07,1.44E-06,1.26E-05
136,1997-04-30,0.02179234,0.01130883,0.087523401,9.97E-07,1.54E-06,1.57E-05,0.024439852,0.010268867,0.08377175,8.17E-06,2.21E-05,6.38E-05,0.021675088,0.01120754,0.088107467,8.43E-07,1.44E-06,1.26E-05
137,1997-05-30,0.020676678,0.010266787,0.086869418,9.97E-07,1.54E-06,1.57E-05,0.021629226,0.012714467,0.086214122,8.17E-06,2.21E-05,6.38E-05,0.020717528,0.010439976,0.086171492,8.43E-07,1.44E-06,1.26E-05
138,1997-06-30,0.019139938,0.013351397,0.083851052,9.97E-07,1.54E-06,1.57E-05,0.020521915,0.011687164,0.085583267,8.17E-06,2.21E-05,6.38E-05,0.019153352,0.013857503,0.082202868,8.43E-07,1.44E-06,1.26E-05
139,1997-07-31,0.013770142,0.020669705,0.073090611,9.97E-07,1.54E-06,1.57E-05,0.018996677,0.01461259,0.082671641,8.17E-06,2.21E-05,6.38E-05,0.013959918,0.02038847,0.072911338,8.43E-07,1.44E-06,1.26E-05
140,1997-08-29,0.016651833,0.018086881,0.07348888,9.97E-07,1.54E-06,1.57E-05,0.013667074,0.021469283,0.072291728,8.17E-06,2.21E-05,6.38E-05,0.016664769,0.018215692,0.072885535,8.43E-07,1.44E-06,1.26E-05
141,1997-09-30,0.014599362,0.019580234,0.069679885,9.97E-07,1.54E-06,1.57E-05,0.016527195,0.018970088,0.072675913,8.17E-06,2.21E-05,6.38E-05,0.014636105,0.020045619,0.068311884,8.43E-07,1.44E-06,1.26E-05
142,1997-10-31,0.011555195,0.026041455,0.062103407,9.97E-07,1.54E-06,1.57E-05,0.014490087,0.020331617,0.069001618,8.17E-06,2.21E-05,6.38E-05,0.011220506,0.026485339,0.062987889,8.43E-07,1.44E-06,1.26E-05
143,1997-11-28,0.008446818,0.032513153,0.068100564,9.97E-07,1.54E-06,1.57E-05,0.011468706,0.026430154,0.061693072,8.17E-06,2.21E-05,6.38E-05,0.008621213,0.032790354,0.06672471,8.43E-07,1.44E-06,1.26E-05
144,1997-12-31,0.007641802,0.037025359,0.066080151,9.97E-07,1.54E-06,1.57E-05,0.008383594,0.032855457,0.067478147,8.17E-06,2.21E-05,6.38E-05,0.007939985,0.037342959,0.063754489,8.43E-07,1.44E-06,1.26E-05
145,1998-01-30,0.006071609,0.041721945,0.056916998,9.97E-07,1.54E-06,1.57E-05,0.007584604,0.037190667,0.065529184,8.17E-06,2.21E-05,6.38E-05,0.006216232,0.041701905,0.056300938,8.43E-07,1.44E-06,1.26E-05
146,1998-02-27,0.006935907,0.04169523,0.055223118,9.97E-07,1.54E-06,1.57E-05,0.006026164,0.041538352,0.056690073,8.17E-06,2.21E-05,6.38E-05,0.006960831,0.041650671,0.055089155,8.43E-07,1.44E-06,1.26E-05
147,1998-03-31,0.006756969,0.040322377,0.05384449,9.97E-07,1.54E-06,1.57E-05,0.006883993,0.041472898,0.055056095,8.17E-06,2.21E-05,6.38E-05,0.00672017,0.040556765,0.053589996,8.43E-07,1.44E-06,1.26E-05
148,1998-04-30,0.005796055,0.043405335,0.053122873,9.97E-07,1.54E-06,1.57E-05,0.006706394,0.040107404,0.05372622,8.17E-06,2.21E-05,6.38E-05,0.005605793,0.043600694,0.053653483,8.43E-07,1.44E-06,1.26E-05
149,1998-05-29,0.004294366,0.045370159,0.054028686,9.97E-07,1.54E-06,1.57E-05,0.005752672,0.043084796,0.053030122,8.17E-06,2.21E-05,6.38E-05,0.003996947,0.045602397,0.0550746,8.43E-07,1.44E-06,1.26E-05
150,1998-06-30,0.002124155,0.047907152,0.05891701,9.97E-07,1.54E-06,1.57E-05,0.004262223,0.045014194,0.053903903,8.17E-06,2.21E-05,6.38E-05,0.002195673,0.048081577,0.058324889,8.43E-07,1.44E-06,1.26E-05
151,1998-07-31,0.001684028,0.050474537,0.059984232,9.97E-07,1.54E-06,1.57E-05,0.002108256,0.047592181,0.058619358,8.17E-06,2.21E-05,6.38E-05,0.002080673,0.050608362,0.05798418,8.43E-07,1.44E-06,1.26E-05
152,1998-08-31,0.003123335,0.053765184,0.057832543,9.97E-07,1.54E-06,1.57E-05,0.001671423,0.050110561,0.059648839,8.17E-06,2.21E-05,6.38E-05,0.003657543,0.053402768,0.055216986,8.43E-07,1.44E-06,1.26E-05
153,1998-09-30,0.003367577,0.046989329,0.04184804,9.97E-07,1.54E-06,1.57E-05,0.003099957,0.053256309,0.057573242,8.17E-06,2.21E-05,6.38E-05,0.003588271,0.046673758,0.041487197,8.43E-07,1.44E-06,1.26E-05
154,1998-10-30,0.006408486,0.04196542,0.040654802,9.97E-07,1.54E-06,1.57E-05,0.003342371,0.046302659,0.042154009,8.17E-06,2.21E-05,6.38E-05,0.006162788,0.042300669,0.041163997,8.43E-07,1.44E-06,1.26E-05
155,1998-11-30,0.003714481,0.045715359,0.043170437,9.97E-07,1.54E-06,1.57E-05,0.006360519,0.04139552,0.041002968,8.17E-06,2.21E-05,6.38E-05,0.003652515,0.045839561,0.043127388,8.43E-07,1.44E-06,1.26E-05
156,1998-12-31,0.002349697,0.046416309,0.043007423,9.97E-07,1.54E-06,1.57E-05,0.003686678,0.045096201,0.043429641,8.17E-06,2.21E-05,6.38E-05,0.002380443,0.046525414,0.042620788,8.43E-07,1.44E-06,1.26E-05
157,1999-01-29,0.002376993,0.047221336,0.039381992,9.97E-07,1.54E-06,1.57E-05,0.00233211,0.045773174,0.043272391,8.17E-06,2.21E-05,6.38E-05,0.001857038,0.047381581,0.042036789,8.43E-07,1.44E-06,1.26E-05
158,1999-02-23,0.00144718,0.049392086,0.052825572,9.97E-07,1.54E-06,1.57E-05,0.002359202,0.046470471,0.03977517,8.17E-06,2.21E-05,6.38E-05,0.001492266,0.049212899,0.052865111,8.43E-07,1.44E-06,1.26E-05
159,1999-03-31,0.002209732,0.046115912,0.050344289,9.97E-07,1.54E-06,1.57E-05,0.001436348,0.048892298,0.052743335,8.17E-06,2.21E-05,6.38E-05,0.002007236,0.046035574,0.051618403,8.43E-07,1.44E-06,1.26E-05
160,1999-04-30,0.002871997,0.044314072,0.052860639,9.97E-07,1.54E-06,1.57E-05,0.002193192,0.045652547,0.050349799,8.17E-06,2.21E-05,6.38E-05,0.002317972,0.044480662,0.055547702,8.43E-07,1.44E-06,1.26E-05
161,1999-05-31,0.00134223,0.046494623,0.063918643,9.97E-07,1.54E-06,1.57E-05,0.0028505,0.043961261,0.052777162,8.17E-06,2.21E-05,6.38E-05,0.001237908,0.046372846,0.064858656,8.43E-07,1.44E-06,1.26E-05
162,1999-06-30,0.002463157,0.04487073,0.067315971,9.97E-07,1.54E-06,1.57E-05,0.001332183,0.046336966,0.063444115,8.17E-06,2.21E-05,6.38E-05,0.002357614,0.044916136,0.068043159,8.43E-07,1.44E-06,1.26E-05
163,1999-07-30,0.003362026,0.046185635,0.071293393,9.97E-07,1.54E-06,1.57E-05,0.00244472,0.044839051,0.066721301,8.17E-06,2.21E-05,6.38E-05,0.003218929,0.046226805,0.07200907,8.43E-07,1.44E-06,1.26E-05
164,1999-08-31,0.003105957,0.047052203,0.073045177,9.97E-07,1.54E-06,1.57E-05,0.003336862,0.046208879,0.070558066,8.17E-06,2.21E-05,6.38E-05,0.003013848,0.046858076,0.07391266,8.43E-07,1.44E-06,1.26E-05
165,1999-09-30,0.003889355,0.044204574,0.073879327,9.97E-07,1.54E-06,1.57E-05,0.003082709,0.047091364,0.072247901,8.17E-06,2.21E-05,6.38E-05,0.003757434,0.044153694,0.075008747,8.43E-07,1.44E-06,1.26E-05
166,1999-10-29,0.005661482,0.04448408,0.078683451,9.97E-07,1.54E-06,1.57E-05,0.003860244,0.044345153,0.073052552,8.17E-06,2.21E-05,6.38E-05,0.005362577,0.044508684,0.080232193,8.43E-07,1.44E-06,1.26E-05
167,1999-11-30,0.00509015,0.044923853,0.083147741,9.97E-07,1.54E-06,1.57E-05,0.005619106,0.044728665,0.077686785,8.17E-06,2.21E-05,6.38E-05,0.004909465,0.044973098,0.084114766,8.43E-07,1.44E-06,1.26E-05
168,1999-12-31,0.005819179,0.045857881,0.082989712,9.97E-07,1.54E-06,1.57E-05,0.00505205,0.045259906,0.081993201,8.17E-06,2.21E-05,6.38E-05,0.004930595,0.046212628,0.086969458,8.43E-07,1.44E-06,1.26E-05
169,2000-01-31,0.002525783,0.050451718,0.097660971,9.97E-07,1.54E-06,1.57E-05,0.005775623,0.046163363,0.08184076,8.17E-06,2.21E-05,6.38E-05,0.002042944,0.050858169,0.098860806,8.43E-07,1.44E-06,1.26E-05
170,2000-02-29,-0.003505453,0.054996563,0.099957915,9.97E-07,1.54E-06,1.57E-05,0.002506878,0.05096717,0.09599319,8.17E-06,2.21E-05,6.38E-05,-0.003062529,0.055064828,0.097509996,8.43E-07,1.44E-06,1.26E-05
171,2000-03-31,-0.002818442,0.056820545,0.089420315,9.97E-07,1.54E-06,1.57E-05,-0.003479215,0.055434776,0.098208906,8.17E-06,2.21E-05,6.38E-05,-0.002656989,0.05678556,0.088902871,8.43E-07,1.44E-06,1.26E-05
172,2000-04-28,-0.001160865,0.057179201,0.089296072,9.97E-07,1.54E-06,1.57E-05,-0.002797347,0.056960481,0.088043954,8.17E-06,2.21E-05,6.38E-05,-0.001008803,0.05733453,0.088139783,8.43E-07,1.44E-06,1.26E-05
173,2000-05-31,-0.001995052,0.059599312,0.084782265,9.97E-07,1.54E-06,1.57E-05,-0.001152176,0.057305916,0.087924104,8.17E-06,2.21E-05,6.38E-05,-0.001740902,0.059557909,0.083455828,8.43E-07,1.44E-06,1.26E-05
174,2000-06-30,-0.001436103,0.058867601,0.077155456,9.97E-07,1.54E-06,1.57E-05,-0.00198012,0.05955109,0.083569922,8.17E-06,2.21E-05,6.38E-05,-0.001518478,0.058889881,0.077564933,8.43E-07,1.44E-06,1.26E-05
175,2000-07-31,-0.00203267,0.059082379,0.080070333,9.97E-07,1.54E-06,1.57E-05,-0.001425354,0.058662553,0.076212825,8.17E-06,2.21E-05,6.38E-05,-0.001629825,0.058999314,0.078083359,8.43E-07,1.44E-06,1.26E-05
176,2000-08-31,-0.001217242,0.05811166,0.072038339,9.97E-07,1.54E-06,1.57E-05,-0.002017455,0.058939134,0.079024621,8.17E-06,2.21E-05,6.38E-05,-0.000822181,0.05787555,0.070601823,8.43E-07,1.44E-06,1.26E-05
177,2000-09-29,0.001653017,0.055070741,0.066269261,9.97E-07,1.54E-06,1.57E-05,-0.001208131,0.057809018,0.071276669,8.17E-06,2.21E-05,6.38E-05,0.0016546,0.055093583,0.066290811,8.43E-07,1.44E-06,1.26E-05
178,2000-10-31,0.001464001,0.055279612,0.068922042,9.97E-07,1.54E-06,1.57E-05,0.001640644,0.054721066,0.065711606,8.17E-06,2.21E-05,6.38E-05,0.001893144,0.055285171,0.066521479,8.43E-07,1.44E-06,1.26E-05
179,2000-11-30,0.001257336,0.055324057,0.059861889,9.97E-07,1.54E-06,1.57E-05,0.001453043,0.0549858,0.068270575,8.17E-06,2.21E-05,6.38E-05,0.0018283,0.054952255,0.057652817,8.43E-07,1.44E-06,1.26E-05
180,2000-12-29,0.004373765,0.050397729,0.050158435,9.97E-07,1.54E-06,1.57E-05,0.001247924,0.054817646,0.059530822,8.17E-06,2.21E-05,6.38E-05,0.004613385,0.049861284,0.050028613,8.43E-07,1.44E-06,1.26E-05
181,2001-01-31,0.007947431,0.042251812,0.047331946,9.97E-07,1.54E-06,1.57E-05,0.004341028,0.049806788,0.050170518,8.17E-06,2.21E-05,6.38E-05,0.007727991,0.042228106,0.048424653,8.43E-07,1.44E-06,1.26E-05
182,2001-02-28,0.007137556,0.041239383,0.049316073,9.97E-07,1.54E-06,1.57E-05,0.007887945,0.041829407,0.047443984,8.17E-06,2.21E-05,6.38E-05,0.006961006,0.041010199,0.050751865,8.43E-07,1.44E-06,1.26E-05
183,2001-03-30,0.008692083,0.037704006,0.050494073,9.97E-07,1.54E-06,1.57E-05,0.007084132,0.040892396,0.049357945,8.17E-06,2.21E-05,6.38E-05,0.007978344,0.0375446,0.054719637,8.43E-07,1.44E-06,1.26E-05
184,2001-04-30,0.009133156,0.034938069,0.064636684,9.97E-07,1.54E-06,1.57E-05,0.008627024,0.037486251,0.050494286,8.17E-06,2.21E-05,6.38E-05,0.008396427,0.035126824,0.068011406,8.43E-07,1.44E-06,1.26E-05
185,2001-05-31,0.006051894,0.037088683,0.075755562,9.97E-07,1.54E-06,1.57E-05,0.009064795,0.035129787,0.064136763,8.17E-06,2.21E-05,6.38E-05,0.005828506,0.037062673,0.077037026,8.43E-07,1.44E-06,1.26E-05
186,2001-06-29,0.005855324,0.037409214,0.079950199,9.97E-07,1.54E-06,1.57E-05,0.006006596,0.037477836,0.074862437,8.17E-06,2.21E-05,6.38E-05,0.005852898,0.037111486,0.080317195,8.43E-07,1.44E-06,1.26E-05
187,2001-07-31,0.006118938,0.032962189,0.077032417,9.97E-07,1.54E-06,1.57E-05,0.005811498,0.037886977,0.078908736,8.17E-06,2.21E-05,6.38E-05,0.006076812,0.032773829,0.077322696,8.43E-07,1.44E-06,1.26E-05
188,2001-08-31,0.005548612,0.03053437,0.07186207,9.97E-07,1.54E-06,1.57E-05,0.006073138,0.033499896,0.076094137,8.17E-06,2.21E-05,6.38E-05,0.005409815,0.029772961,0.073981632,8.43E-07,1.44E-06,1.26E-05
189,2001-09-28,0.008867009,0.019490979,0.072490943,9.97E-07,1.54E-06,1.57E-05,0.005507081,0.031021363,0.071106633,8.17E-06,2.21E-05,6.38E-05,0.008152982,0.019306924,0.075888962,8.43E-07,1.44E-06,1.26E-05
190,2001-10-31,0.005390693,0.015077932,0.0735044,9.97E-07,1.54E-06,1.57E-05,0.00880064,0.020310496,0.071713267,8.17E-06,2.21E-05,6.38E-05,0.004536917,0.014956387,0.078309665,8.43E-07,1.44E-06,1.26E-05
191,2001-11-30,0.004692168,0.014176116,0.088901853,9.97E-07,1.54E-06,1.57E-05,0.005350344,0.016048106,0.072690885,8.17E-06,2.21E-05,6.38E-05,0.004222169,0.013912151,0.091924147,8.43E-07,1.44E-06,1.26E-05
192,2001-12-31,0.005126469,0.011353259,0.097666805,9.97E-07,1.54E-06,1.57E-05,0.004657048,0.015531376,0.087543826,8.17E-06,2.21E-05,6.38E-05,0.004888899,0.011399466,0.098840771,8.43E-07,1.44E-06,1.26E-05
193,2002-01-31,0.00420619,0.013684241,0.10163224,9.97E-07,1.54E-06,1.57E-05,0.005088098,0.012994201,0.095998818,8.17E-06,2.21E-05,6.38E-05,0.004380449,0.013570363,0.100936649,8.43E-07,1.44E-06,1.26E-05
194,2002-02-28,0.005461361,0.013518367,0.094897304,9.97E-07,1.54E-06,1.57E-05,0.004174707,0.015350582,0.099824021,8.17E-06,2.21E-05,6.38E-05,0.005098946,0.013765483,0.096646894,8.43E-07,1.44E-06,1.26E-05
195,2002-03-28,0.004729122,0.019548669,0.105174572,9.97E-07,1.54E-06,1.57E-05,0.005420483,0.015032397,0.093327257,8.17E-06,2.21E-05,6.38E-05,0.004977702,0.019449532,0.103953432,8.43E-07,1.44E-06,1.26E-05
196,2002-04-30,0.004900092,0.01944713,0.098994885,9.97E-07,1.54E-06,1.57E-05,0.004693725,0.021128837,0.103241083,8.17E-06,2.21E-05,6.38E-05,0.005229127,0.019494646,0.097126481,8.43E-07,1.44E-06,1.26E-05
197,2002-05-31,0.004755105,0.021906382,0.091635247,9.97E-07,1.54E-06,1.57E-05,0.004863415,0.020886086,0.097279932,8.17E-06,2.21E-05,6.38E-05,0.005223376,0.021673761,0.089673865,8.43E-07,1.44E-06,1.26E-05
198,2002-06-28,0.006646265,0.020358859,0.08400331,9.97E-07,1.54E-06,1.57E-05,0.004719513,0.023102899,0.090180558,8.17E-06,2.21E-05,6.38E-05,0.007113381,0.020088914,0.081985325,8.43E-07,1.44E-06,1.26E-05
199,2002-07-31,0.008386687,0.017175949,0.074497379,9.97E-07,1.54E-06,1.57E-05,0.006596518,0.021421911,0.082818514,8.17E-06,2.21E-05,6.38E-05,0.008515746,0.017445595,0.073095912,8.43E-07,1.44E-06,1.26E-05
200,2002-08-30,0.006309156,0.021844629,0.068032111,9.97E-07,1.54E-06,1.57E-05,0.008323914,0.018108897,0.073648748,8.17E-06,2.21E-05,6.38E-05,0.006488842,0.021619055,0.067394027,8.43E-07,1.44E-06,1.26E-05
201,2002-09-30,0.00712362,0.01903601,0.062215593,9.97E-07,1.54E-06,1.57E-05,0.006261932,0.022492404,0.067412116,8.17E-06,2.21E-05,6.38E-05,0.0070796,0.018852891,0.06291925,8.43E-07,1.44E-06,1.26E-05
202,2002-10-31,0.008657381,0.01707926,0.06351393,9.97E-07,1.54E-06,1.57E-05,0.007070301,0.019628961,0.061801291,8.17E-06,2.21E-05,6.38E-05,0.008332806,0.017217876,0.064906937,8.43E-07,1.44E-06,1.26E-05
203,2002-11-29,0.006788978,0.019586675,0.069733062,9.97E-07,1.54E-06,1.57E-05,0.008592582,0.017758814,0.063053714,8.17E-06,2.21E-05,6.38E-05,0.006985022,0.019479246,0.068692576,8.43E-07,1.44E-06,1.26E-05
204,2002-12-31,0.006799082,0.018004904,0.062161157,9.97E-07,1.54E-06,1.57E-05,0.006738163,0.020339114,0.069052914,8.17E-06,2.21E-05,6.38E-05,0.006656946,0.01821208,0.0626591,8.43E-07,1.44E-06,1.26E-05
205,2003-01-31,0.006061589,0.02207853,0.066569876,9.97E-07,1.54E-06,1.57E-05,0.006748191,0.018626263,0.06174878,8.17E-06,2.21E-05,6.38E-05,0.006204661,0.022080743,0.065805195,8.43E-07,1.44E-06,1.26E-05
206,2003-02-28,0.006258895,0.022734425,0.063146818,9.97E-07,1.54E-06,1.57E-05,0.006016218,0.022685468,0.06600159,8.17E-06,2.21E-05,6.38E-05,0.006311405,0.022788527,0.062917209,8.43E-07,1.44E-06,1.26E-05
207,2003-03-31,0.006605941,0.024494948,0.064600076,9.97E-07,1.54E-06,1.57E-05,0.006212048,0.023242646,0.062699584,8.17E-06,2.21E-05,6.38E-05,0.006812482,0.024538197,0.063299233,8.43E-07,1.44E-06,1.26E-05
208,2003-04-30,0.006009598,0.025229872,0.059936622,9.97E-07,1.54E-06,1.57E-05,0.006556496,0.024986393,0.06410145,8.17E-06,2.21E-05,6.38E-05,0.006240923,0.025375623,0.057992155,8.43E-07,1.44E-06,1.26E-05
209,2003-05-30,0.003746571,0.026864978,0.048135943,9.97E-07,1.54E-06,1.57E-05,0.005964617,0.025591393,0.059602913,8.17E-06,2.21E-05,6.38E-05,0.003766505,0.026584502,0.048622052,8.43E-07,1.44E-06,1.26E-05
210,2003-06-30,0.00552991,0.0233123,0.046856636,9.97E-07,1.54E-06,1.57E-05,0.003718528,0.026904198,0.048219549,8.17E-06,2.21E-05,6.38E-05,0.005236819,0.022872464,0.049497113,8.43E-07,1.44E-06,1.26E-05
211,2003-07-29,0.008224345,0.017256312,0.056608776,9.97E-07,1.54E-06,1.57E-05,0.005488519,0.023423937,0.046985483,8.17E-06,2.21E-05,6.38E-05,0.007907024,0.017405024,0.057901952,8.43E-07,1.44E-06,1.26E-05
212,2003-08-29,0.006337369,0.019568602,0.061461478,9.97E-07,1.54E-06,1.57E-05,0.008162787,0.017769714,0.056392751,8.17E-06,2.21E-05,6.38E-05,0.006328769,0.019519459,0.061311818,8.43E-07,1.44E-06,1.26E-05
213,2003-09-30,0.005294627,0.018581565,0.056527237,9.97E-07,1.54E-06,1.57E-05,0.006289934,0.020128634,0.061073844,8.17E-06,2.21E-05,6.38E-05,0.005117275,0.018520361,0.057797512,8.43E-07,1.44E-06,1.26E-05
214,2003-10-31,0.006326375,0.018632197,0.062134296,9.97E-07,1.54E-06,1.57E-05,0.005254997,0.019054921,0.056314096,8.17E-06,2.21E-05,6.38E-05,0.006136625,0.018680825,0.062994533,8.43E-07,1.44E-06,1.26E-05
215,2003-11-28,0.00540872,0.019790928,0.064910343,9.97E-07,1.54E-06,1.57E-05,0.006279022,0.019234875,0.061722869,8.17E-06,2.21E-05,6.38E-05,0.005403295,0.01970616,0.064933209,8.43E-07,1.44E-06,1.26E-05
216,2003-12-31,0.004788373,0.018956595,0.062962269,9.97E-07,1.54E-06,1.57E-05,0.005368237,0.020425003,0.064400745,8.17E-06,2.21E-05,6.38E-05,0.004929227,0.018647003,0.062708464,8.43E-07,1.44E-06,1.26E-05
217,2004-01-30,0.005929079,0.014800213,0.059388246,9.97E-07,1.54E-06,1.57E-05,0.004752533,0.019569247,0.062521561,8.17E-06,2.21E-05,6.38E-05,0.005932061,0.014701711,0.059381409,8.43E-07,1.44E-06,1.26E-05
218,2004-02-27,0.005641171,0.013574735,0.056016578,9.97E-07,1.54E-06,1.57E-05,0.0058847,0.015449136,0.059073929,8.17E-06,2.21E-05,6.38E-05,0.005469707,0.013435397,0.057108343,8.43E-07,1.44E-06,1.26E-05
219,2004-03-31,0.005862154,0.011774439,0.056437127,9.97E-07,1.54E-06,1.57E-05,0.005598948,0.01418029,0.055821495,8.17E-06,2.21E-05,6.38E-05,0.005429699,0.011748166,0.058926437,8.43E-07,1.44E-06,1.26E-05
220,2004-04-30,0.006127308,0.012055731,0.065345559,9.97E-07,1.54E-06,1.57E-05,0.005818277,0.012441621,0.056227172,8.17E-06,2.21E-05,6.38E-05,0.005674491,0.012257195,0.067386854,8.43E-07,1.44E-06,1.26E-05
221,2004-05-31,0.004540783,0.015732492,0.073125874,9.97E-07,1.54E-06,1.57E-05,0.006081445,0.012922596,0.064820569,8.17E-06,2.21E-05,6.38E-05,0.004339269,0.015783573,0.074083451,8.43E-07,1.44E-06,1.26E-05
222,2004-06-30,0.003679454,0.017303028,0.076860495,9.97E-07,1.54E-06,1.57E-05,0.004506796,0.016674997,0.072325744,8.17E-06,2.21E-05,6.38E-05,0.003781986,0.017295672,0.07627683,8.43E-07,1.44E-06,1.26E-05
223,2004-07-30,0.003380115,0.018039502,0.074730161,9.97E-07,1.54E-06,1.57E-05,0.003651913,0.018287436,0.075928296,8.17E-06,2.21E-05,6.38E-05,0.003652893,0.018069079,0.073086683,8.43E-07,1.44E-06,1.26E-05
224,2004-08-31,0.002973126,0.01895128,0.067447098,9.97E-07,1.54E-06,1.57E-05,0.003354815,0.018953024,0.073873298,8.17E-06,2.21E-05,6.38E-05,0.003160476,0.019119377,0.066178578,8.43E-07,1.44E-06,1.26E-05
225,2004-09-30,0.002784076,0.022282993,0.063603858,9.97E-07,1.54E-06,1.57E-05,0.002950873,0.019668689,0.06684779,8.17E-06,2.21E-05,6.38E-05,0.002853281,0.02242826,0.062828866,8.43E-07,1.44E-06,1.26E-05
226,2004-10-29,0.001547508,0.024850365,0.059763049,9.97E-07,1.54E-06,1.57E-05,0.002763237,0.022814867,0.063140461,8.17E-06,2.21E-05,6.38E-05,0.001671467,0.024640773,0.059505086,8.43E-07,1.44E-06,1.26E-05
227,2004-11-30,0.002876186,0.022016091,0.057074538,9.97E-07,1.54E-06,1.57E-05,0.001535925,0.025218761,0.059435478,8.17E-06,2.21E-05,6.38E-05,0.002706603,0.022134784,0.057522848,8.43E-07,1.44E-06,1.26E-05
228,2004-12-31,0.001077141,0.023331241,0.056686592,9.97E-07,1.54E-06,1.57E-05,0.002854658,0.022403358,0.056842043,8.17E-06,2.21E-05,6.38E-05,0.000912337,0.023424282,0.057220847,8.43E-07,1.44E-06,1.26E-05
229,2005-01-31,-0.000307373,0.024468857,0.056849199,9.97E-07,1.54E-06,1.57E-05,0.001069079,0.023671606,0.056467815,8.17E-06,2.21E-05,6.38E-05,-0.000457905,0.024496556,0.057618935,8.43E-07,1.44E-06,1.26E-05
230,2005-02-28,-0.000404211,0.024979548,0.059266181,9.97E-07,1.54E-06,1.57E-05,-0.000305072,0.024780271,0.056624672,8.17E-06,2.21E-05,6.38E-05,-0.000638687,0.025190106,0.060046391,8.43E-07,1.44E-06,1.26E-05
231,2005-03-31,-0.002077052,0.028174584,0.062480789,9.97E-07,1.54E-06,1.57E-05,-0.000401186,0.025332637,0.058956181,8.17E-06,2.21E-05,6.38E-05,-0.002110542,0.028187511,0.062445798,8.43E-07,1.44E-06,1.26E-05
232,2005-04-29,-0.002964089,0.027976042,0.060312625,9.97E-07,1.54E-06,1.57E-05,-0.002061506,0.028510688,0.062057109,8.17E-06,2.21E-05,6.38E-05,-0.003078111,0.028124321,0.060363981,8.43E-07,1.44E-06,1.26E-05
233,2005-05-31,-0.00514121,0.029486806,0.059097931,9.97E-07,1.54E-06,1.57E-05,-0.002941903,0.028267291,0.059965619,8.17E-06,2.21E-05,6.38E-05,-0.005106672,0.029624268,0.058477086,8.43E-07,1.44E-06,1.26E-05
234,2005-06-30,-0.006383083,0.031105619,0.055238903,9.97E-07,1.54E-06,1.57E-05,-0.005102729,0.02970624,0.05879388,8.17E-06,2.21E-05,6.38E-05,-0.006447346,0.031263207,0.05536574,8.43E-07,1.44E-06,1.26E-05
235,2005-07-29,-0.006676464,0.033592111,0.057146971,9.97E-07,1.54E-06,1.57E-05,-0.006335306,0.031188451,0.055071322,8.17E-06,2.21E-05,6.38E-05,-0.006744339,0.033781071,0.056977019,8.43E-07,1.44E-06,1.26E-05
236,2005-08-31,-0.008283703,0.035743286,0.055247985,9.97E-07,1.54E-06,1.57E-05,-0.006626491,0.033647879,0.056911914,8.17E-06,2.21E-05,6.38E-05,-0.008388123,0.035942626,0.055564553,8.43E-07,1.44E-06,1.26E-05
237,2005-09-30,-0.008528511,0.038911484,0.057961067,9.97E-07,1.54E-06,1.57E-05,-0.0082217,0.035692847,0.055080083,8.17E-06,2.21E-05,6.38E-05,-0.008631627,0.039060455,0.058405203,8.43E-07,1.44E-06,1.26E-05
238,2005-10-31,-0.008339524,0.041164874,0.061846315,9.97E-07,1.54E-06,1.57E-05,-0.008464676,0.038833135,0.05769722,8.17E-06,2.21E-05,6.38E-05,-0.008473672,0.041560018,0.061654951,8.43E-07,1.44E-06,1.26E-05
239,2005-11-30,-0.010806082,0.046245575,0.06083341,9.97E-07,1.54E-06,1.57E-05,-0.008277103,0.041112286,0.061445071,8.17E-06,2.21E-05,6.38E-05,-0.010973962,0.046530092,0.061042568,8.43E-07,1.44E-06,1.26E-05
240,2005-12-30,-0.01301768,0.049923186,0.061103887,9.97E-07,1.54E-06,1.57E-05,-0.0107252,0.046023126,0.060467987,8.17E-06,2.21E-05,6.38E-05,-0.012969845,0.049793591,0.061309288,8.43E-07,1.44E-06,1.26E-05
241,2006-01-31,-0.01118619,0.048084589,0.062941414,9.97E-07,1.54E-06,1.57E-05,-0.012920244,0.049601195,0.060728898,8.17E-06,2.21E-05,6.38E-05,-0.011257395,0.048314578,0.062828049,8.43E-07,1.44E-06,1.26E-05
242,2006-02-28,-0.012599387,0.051147853,0.062883921,9.97E-07,1.54E-06,1.57E-05,-0.011102462,0.047858376,0.062501444,8.17E-06,2.21E-05,6.38E-05,-0.012494265,0.0511186,0.062553747,8.43E-07,1.44E-06,1.26E-05
243,2006-03-31,-0.011632763,0.051124685,0.063360351,9.97E-07,1.54E-06,1.57E-05,-0.012505081,0.05083213,0.062445984,8.17E-06,2.21E-05,6.38E-05,-0.011339243,0.050961622,0.06246061,8.43E-07,1.44E-06,1.26E-05
244,2006-04-28,-0.008679342,0.049465912,0.06228357,9.97E-07,1.54E-06,1.57E-05,-0.011545693,0.050820741,0.062905566,8.17E-06,2.21E-05,6.38E-05,-0.008569053,0.049561417,0.061560421,8.43E-07,1.44E-06,1.26E-05
245,2006-05-31,-0.008669499,0.050745206,0.060164128,9.97E-07,1.54E-06,1.57E-05,-0.008614378,0.049184597,0.061866864,8.17E-06,2.21E-05,6.38E-05,-0.008576595,0.050808261,0.059727138,8.43E-07,1.44E-06,1.26E-05
246,2006-06-30,-0.007860564,0.051810075,0.060371352,9.97E-07,1.54E-06,1.57E-05,-0.008604609,0.050377636,0.059822373,8.17E-06,2.21E-05,6.38E-05,-0.007841384,0.051900454,0.059828586,8.43E-07,1.44E-06,1.26E-05
247,2006-07-31,-0.009471453,0.051866143,0.056611842,9.97E-07,1.54E-06,1.57E-05,-0.007801728,0.051416689,0.060022269,8.17E-06,2.21E-05,6.38E-05,-0.009417589,0.051979358,0.055916668,8.43E-07,1.44E-06,1.26E-05
248,2006-08-31,-0.01068888,0.052422668,0.052749906,9.97E-07,1.54E-06,1.57E-05,-0.00940056,0.051383456,0.056395709,8.17E-06,2.21E-05,6.38E-05,-0.010684096,0.052532195,0.052412968,8.43E-07,1.44E-06,1.26E-05
249,2006-09-29,-0.011516558,0.053073504,0.050869572,9.97E-07,1.54E-06,1.57E-05,-0.010608874,0.051833888,0.052670345,8.17E-06,2.21E-05,6.38E-05,-0.011554387,0.053173847,0.050891562,8.43E-07,1.44E-06,1.26E-05
250,2006-10-31,-0.011916565,0.053876439,0.051864768,9.97E-07,1.54E-06,1.57E-05,-0.011430358,0.052422134,0.050856506,8.17E-06,2.21E-05,6.38E-05,-0.01188426,0.053947615,0.051471128,8.43E-07,1.44E-06,1.26E-05
251,2006-11-30,-0.012451597,0.054048359,0.049498063,9.97E-07,1.54E-06,1.57E-05,-0.011827371,0.05322517,0.051816509,8.17E-06,2.21E-05,6.38E-05,-0.012471718,0.054051809,0.049787667,8.43E-07,1.44E-06,1.26E-05
252,2006-12-29,-0.011501455,0.053935555,0.052134249,9.97E-07,1.54E-06,1.57E-05,-0.012358397,0.053336941,0.049533499,8.17E-06,2.21E-05,6.38E-05,-0.011522159,0.053945806,0.052333016,8.43E-07,1.44E-06,1.26E-05
253,2007-01-31,-0.010980166,0.053678276,0.054060412,9.97E-07,1.54E-06,1.57E-05,-0.011415367,0.05328887,0.052076459,8.17E-06,2.21E-05,6.38E-05,-0.010992096,0.053757046,0.053846672,8.43E-07,1.44E-06,1.26E-05
254,2007-02-28,-0.01190704,0.053927736,0.052343872,9.97E-07,1.54E-06,1.57E-05,-0.010897981,0.053083922,0.053934507,8.17E-06,2.21E-05,6.38E-05,-0.011861616,0.053881008,0.052318024,8.43E-07,1.44E-06,1.26E-05
255,2007-03-30,-0.010726872,0.052837871,0.052298658,9.97E-07,1.54E-06,1.57E-05,-0.011817916,0.053286166,0.05227867,8.17E-06,2.21E-05,6.38E-05,-0.010922854,0.052985324,0.053056369,8.43E-07,1.44E-06,1.26E-05
256,2007-04-30,-0.011406211,0.054164008,0.054379119,9.97E-07,1.54E-06,1.57E-05,-0.010646582,0.052226615,0.052235054,8.17E-06,2.21E-05,6.38E-05,-0.011710925,0.054337431,0.05589548,8.43E-07,1.44E-06,1.26E-05
257,2007-05-31,-0.011768937,0.056727432,0.063514062,9.97E-07,1.54E-06,1.57E-05,-0.011320836,0.053563106,0.054241943,8.17E-06,2.21E-05,6.38E-05,-0.011640789,0.056700613,0.063043539,8.43E-07,1.44E-06,1.26E-05
258,2007-06-29,-0.010613977,0.056316027,0.062938274,9.97E-07,1.54E-06,1.57E-05,-0.011680847,0.056265812,0.063053841,8.17E-06,2.21E-05,6.38E-05,-0.010539342,0.056403202,0.062397326,8.43E-07,1.44E-06,1.26E-05
259,2007-07-31,-0.010736603,0.057561402,0.060815663,9.97E-07,1.54E-06,1.57E-05,-0.010534532,0.055852819,0.062498415,8.17E-06,2.21E-05,6.38E-05,-0.010646434,0.057264488,0.060863126,8.43E-07,1.44E-06,1.26E-05
260,2007-08-31,-0.009548998,0.052614674,0.059733507,9.97E-07,1.54E-06,1.57E-05,-0.01065624,0.05701284,0.060450867,8.17E-06,2.21E-05,6.38E-05,-0.009374406,0.052478873,0.059060568,8.43E-07,1.44E-06,1.26E-05
261,2007-09-28,-0.00853249,0.05007487,0.056342506,9.97E-07,1.54E-06,1.57E-05,-0.009477524,0.052183252,0.05940698,8.17E-06,2.21E-05,6.38E-05,-0.008540486,0.050216922,0.056081246,8.43E-07,1.44E-06,1.26E-05
262,2007-10-31,-0.009355256,0.051751551,0.056063808,9.97E-07,1.54E-06,1.57E-05,-0.008468625,0.049637459,0.056135897,8.17E-06,2.21E-05,6.38E-05,-0.00925154,0.051668746,0.05539467,8.43E-07,1.44E-06,1.26E-05
263,2007-11-30,-0.009811255,0.049138733,0.04965319,9.97E-07,1.54E-06,1.57E-05,-0.009285233,0.05125938,0.055867055,8.17E-06,2.21E-05,6.38E-05,-0.010011121,0.049240166,0.050461315,8.43E-07,1.44E-06,1.26E-05
264,2007-12-31,-0.011146223,0.050404183,0.053094307,9.97E-07,1.54E-06,1.57E-05,-0.009737819,0.048572245,0.049683141,8.17E-06,2.21E-05,6.38E-05,-0.010886561,0.04981622,0.052860015,8.43E-07,1.44E-06,1.26E-05
265,2008-01-31,-0.007938103,0.041540472,0.049797974,9.97E-07,1.54E-06,1.57E-05,-0.011062795,0.049881532,0.053002567,8.17E-06,2.21E-05,6.38E-05,-0.007866052,0.041250698,0.049797849,8.43E-07,1.44E-06,1.26E-05
266,2008-02-29,-0.0069417,0.036586434,0.045247231,9.97E-07,1.54E-06,1.57E-05,-0.007878687,0.041196058,0.049822804,8.17E-06,2.21E-05,6.38E-05,-0.007281525,0.036370255,0.047159241,8.43E-07,1.44E-06,1.26E-05
267,2008-03-31,-0.008221191,0.031877364,0.050053006,9.97E-07,1.54E-06,1.57E-05,-0.006889742,0.036278469,0.045432992,8.17E-06,2.21E-05,6.38E-05,-0.008131961,0.031947528,0.04964844,8.43E-07,1.44E-06,1.26E-05
268,2008-04-30,-0.007030193,0.0334057,0.049165363,9.97E-07,1.54E-06,1.57E-05,-0.008159657,0.031817028,0.050068817,8.17E-06,2.21E-05,6.38E-05,-0.007309866,0.03352407,0.050461552,8.43E-07,1.44E-06,1.26E-05
269,2008-05-30,-0.007672464,0.034778212,0.054487041,9.97E-07,1.54E-06,1.57E-05,-0.006977572,0.033280671,0.049212565,8.17E-06,2.21E-05,6.38E-05,-0.007914786,0.035028184,0.055254998,8.43E-07,1.44E-06,1.26E-05
270,2008-06-30,-0.00953838,0.038509533,0.058326199,9.97E-07,1.54E-06,1.57E-05,-0.007615036,0.034737801,0.054346049,8.17E-06,2.21E-05,6.38E-05,-0.009410359,0.038244366,0.058132235,8.43E-07,1.44E-06,1.26E-05
271,2008-07-31,-0.008227604,0.034589331,0.056309526,9.97E-07,1.54E-06,1.57E-05,-0.009466986,0.038451269,0.05804944,8.17E-06,2.21E-05,6.38E-05,-0.008145084,0.034473436,0.055988712,8.43E-07,1.44E-06,1.26E-05
272,2008-08-29,-0.007715149,0.032947733,0.051194728,9.97E-07,1.54E-06,1.57E-05,-0.008166021,0.034596864,0.056104084,8.17E-06,2.21E-05,6.38E-05,-0.007979667,0.032587185,0.053439935,8.43E-07,1.44E-06,1.26E-05
273,2008-09-30,-0.00596391,0.028394192,0.05896453,9.97E-07,1.54E-06,1.57E-05,-0.007657402,0.032883218,0.051170164,8.17E-06,2.21E-05,6.38E-05,-0.005954397,0.027792989,0.060034085,8.43E-07,1.44E-06,1.26E-05
274,2008-10-31,-0.003279248,0.019453674,0.060054752,9.97E-07,1.54E-06,1.57E-05,-0.00591927,0.028641962,0.058665197,8.17E-06,2.21E-05,6.38E-05,-0.003439255,0.019537441,0.060245124,8.43E-07,1.44E-06,1.26E-05
275,2008-11-28,-0.006110105,0.019846977,0.055841581,9.97E-07,1.54E-06,1.57E-05,-0.003254703,0.019984205,0.059716864,8.17E-06,2.21E-05,6.38E-05,-0.006319152,0.019665498,0.056572554,8.43E-07,1.44E-06,1.26E-05
276,2008-12-31,-0.008996815,0.015445278,0.050127401,9.97E-07,1.54E-06,1.57E-05,-0.006064371,0.020267919,0.055652687,8.17E-06,2.21E-05,6.38E-05,-0.009160078,0.015264634,0.051656874,8.43E-07,1.44E-06,1.26E-05
277,2009-01-30,-0.006931555,0.014237399,0.057641462,9.97E-07,1.54E-06,1.57E-05,-0.008929474,0.015859635,0.050140582,8.17E-06,2.21E-05,6.38E-05,-0.007002223,0.014016852,0.058274922,8.43E-07,1.44E-06,1.26E-05
278,2009-02-27,-0.006810855,0.011149453,0.057462009,9.97E-07,1.54E-06,1.57E-05,-0.006879672,0.01486178,0.057388918,8.17E-06,2.21E-05,6.38E-05,-0.006850886,0.011027147,0.057638915,8.43E-07,1.44E-06,1.26E-05
279,2009-03-31,-0.007194985,0.009546356,0.052196355,9.97E-07,1.54E-06,1.57E-05,-0.006759877,0.011858528,0.057215811,8.17E-06,2.21E-05,6.38E-05,-0.007590571,0.009195837,0.055124081,8.43E-07,1.44E-06,1.26E-05
280,2009-04-30,-0.00499363,0.005176468,0.059897776,9.97E-07,1.54E-06,1.57E-05,-0.007141132,0.010178755,0.05213637,8.17E-06,2.21E-05,6.38E-05,-0.005736766,0.005190176,0.063846236,8.43E-07,1.44E-06,1.26E-05
281,2009-05-29,-0.005842004,0.005855657,0.073018145,9.97E-07,1.54E-06,1.57E-05,-0.004956253,0.006114272,0.05956544,8.17E-06,2.21E-05,6.38E-05,-0.006481259,0.006031455,0.075807627,8.43E-07,1.44E-06,1.26E-05
282,2009-06-30,-0.008874797,0.00866209,0.080026915,9.97E-07,1.54E-06,1.57E-05,-0.005798277,0.007079931,0.072221825,8.17E-06,2.21E-05,6.38E-05,-0.009205207,0.008590595,0.081916847,8.43E-07,1.44E-06,1.26E-05
283,2009-07-31,-0.009122364,0.008789075,0.08582253,9.97E-07,1.54E-06,1.57E-05,-0.00880837,0.00996906,0.078982739,8.17E-06,2.21E-05,6.38E-05,-0.009217014,0.00872616,0.086306678,8.43E-07,1.44E-06,1.26E-05
284,2009-08-31,-0.009501715,0.008836608,0.084437713,9.97E-07,1.54E-06,1.57E-05,-0.009054084,0.010227566,0.0845734,8.17E-06,2.21E-05,6.38E-05,-0.009641417,0.008820271,0.085083809,8.43E-07,1.44E-06,1.26E-05
285,2009-09-30,-0.010118609,0.009672017,0.083675274,9.97E-07,1.54E-06,1.57E-05,-0.009430595,0.010241431,0.083237555,8.17E-06,2.21E-05,6.38E-05,-0.010260659,0.009545661,0.084695032,8.43E-07,1.44E-06,1.26E-05
286,2009-10-30,-0.009773192,0.009306676,0.086566959,9.97E-07,1.54E-06,1.57E-05,-0.010042872,0.011035012,0.082502079,8.17E-06,2.21E-05,6.38E-05,-0.009689944,0.009139012,0.086300261,8.43E-07,1.44E-06,1.26E-05
287,2009-11-30,-0.009129684,0.007919995,0.080063119,9.97E-07,1.54E-06,1.57E-05,-0.009700041,0.010747632,0.085291504,8.17E-06,2.21E-05,6.38E-05,-0.009482029,0.007838707,0.082281792,8.43E-07,1.44E-06,1.26E-05
288,2009-12-31,-0.008666726,0.008536881,0.089859095,9.97E-07,1.54E-06,1.57E-05,-0.009061349,0.009249169,0.079017663,8.17E-06,2.21E-05,6.38E-05,-0.008560666,0.008428024,0.089280036,8.43E-07,1.44E-06,1.26E-05
289,2010-01-29,-0.008927215,0.00793092,0.083371236,9.97E-07,1.54E-06,1.57E-05,-0.008601856,0.010076779,0.088467217,8.17E-06,2.21E-05,6.38E-05,-0.00896107,0.007825746,0.083767274,8.43E-07,1.44E-06,1.26E-05
290,2010-02-26,-0.008015764,0.007556122,0.081872544,9.97E-07,1.54E-06,1.57E-05,-0.008860396,0.009336937,0.082208793,8.17E-06,2.21E-05,6.38E-05,-0.008407059,0.007787184,0.083502146,8.43E-07,1.44E-06,1.26E-05
291,2010-03-31,-0.009665273,0.011961773,0.087909948,9.97E-07,1.54E-06,1.57E-05,-0.007955767,0.008937972,0.0807631,8.17E-06,2.21E-05,6.38E-05,-0.009827566,0.01218896,0.08824379,8.43E-07,1.44E-06,1.26E-05
292,2010-04-30,-0.011447155,0.016240279,0.089134246,9.97E-07,1.54E-06,1.57E-05,-0.009592929,0.013357633,0.086586999,8.17E-06,2.21E-05,6.38E-05,-0.011366463,0.016404629,0.088076228,8.43E-07,1.44E-06,1.26E-05
293,2010-05-31,-0.01396116,0.01934875,0.084146121,9.97E-07,1.54E-06,1.57E-05,-0.011361474,0.017541548,0.087768002,8.17E-06,2.21E-05,6.38E-05,-0.013387463,0.019103787,0.081485427,8.43E-07,1.44E-06,1.26E-05
294,2010-06-30,-0.012369818,0.016886921,0.072446505,9.97E-07,1.54E-06,1.57E-05,-0.013856662,0.020444206,0.082956275,8.17E-06,2.21E-05,6.38E-05,-0.011952781,0.016809543,0.070494709,8.43E-07,1.44E-06,1.26E-05
295,2010-07-30,-0.010794527,0.017091963,0.066419237,9.97E-07,1.54E-06,1.57E-05,-0.012277231,0.017780354,0.0716704,8.17E-06,2.21E-05,6.38E-05,-0.01050244,0.017172923,0.064449277,8.43E-07,1.44E-06,1.26E-05
296,2010-08-31,-0.011710185,0.018180989,0.056646543,9.97E-07,1.54E-06,1.57E-05,-0.010713731,0.017838914,0.065856278,8.17E-06,2.21E-05,6.38E-05,-0.011682393,0.018409449,0.055983192,8.43E-07,1.44E-06,1.26E-05
297,2010-09-30,-0.012944457,0.021979028,0.053895352,9.97E-07,1.54E-06,1.57E-05,-0.011622535,0.018668658,0.056429182,8.17E-06,2.21E-05,6.38E-05,-0.012923106,0.021874223,0.054022276,8.43E-07,1.44E-06,1.26E-05
298,2010-10-29,-0.011673529,0.020718551,0.051809559,9.97E-07,1.54E-06,1.57E-05,-0.012847568,0.022293211,0.053775284,8.17E-06,2.21E-05,6.38E-05,-0.012160048,0.020850885,0.054194758,8.43E-07,1.44E-06,1.26E-05
299,2010-11-30,-0.012718887,0.022931465,0.061199486,9.97E-07,1.54E-06,1.57E-05,-0.011586154,0.021020364,0.051763252,8.17E-06,2.21E-05,6.38E-05,-0.012947339,0.022925245,0.062408286,8.43E-07,1.44E-06,1.26E-05
300,2010-12-31,-0.013086901,0.023426039,0.064409174,9.97E-07,1.54E-06,1.57E-05,-0.012623687,0.023388595,0.060821117,8.17E-06,2.21E-05,6.38E-05,-0.013165341,0.023131786,0.06553772,8.43E-07,1.44E-06,1.26E-05
301,2011-01-31,-0.010887487,0.019823241,0.067272387,9.97E-07,1.54E-06,1.57E-05,-0.012988947,0.023943796,0.063917299,8.17E-06,2.21E-05,6.38E-05,-0.011180267,0.019936554,0.068531509,8.43E-07,1.44E-06,1.26E-05
302,2011-02-28,-0.012217728,0.021907809,0.070965898,9.97E-07,1.54E-06,1.57E-05,-0.010805995,0.020511478,0.066679258,8.17E-06,2.21E-05,6.38E-05,-0.012299138,0.021828022,0.071558289,8.43E-07,1.44E-06,1.26E-05
303,2011-03-31,-0.012103462,0.021442245,0.073348008,9.97E-07,1.54E-06,1.57E-05,-0.01212628,0.022622194,0.070242153,8.17E-06,2.21E-05,6.38E-05,-0.011921104,0.021406626,0.07236827,8.43E-07,1.44E-06,1.26E-05
304,2011-04-29,-0.011842923,0.021472549,0.068178739,9.97E-07,1.54E-06,1.57E-05,-0.012012869,0.02222559,0.072540022,8.17E-06,2.21E-05,6.38E-05,-0.011841696,0.021544744,0.067758505,8.43E-07,1.44E-06,1.26E-05
305,2011-05-31,-0.013521873,0.022481943,0.064416035,9.97E-07,1.54E-06,1.57E-05,-0.01175428,0.022134454,0.067553558,8.17E-06,2.21E-05,6.38E-05,-0.013365956,0.022392577,0.063802886,8.43E-07,1.44E-06,1.26E-05
306,2011-06-30,-0.012690285,0.021778532,0.063023469,9.97E-07,1.54E-06,1.57E-05,-0.013420663,0.023027034,0.063923917,8.17E-06,2.21E-05,6.38E-05,-0.012491134,0.021896103,0.061453389,8.43E-07,1.44E-06,1.26E-05
307,2011-07-29,-0.01434037,0.023332778,0.056085934,9.97E-07,1.54E-06,1.57E-05,-0.012595299,0.022311389,0.062580597,8.17E-06,2.21E-05,6.38E-05,-0.014033916,0.023313782,0.054271973,8.43E-07,1.44E-06,1.26E-05
308,2011-08-31,-0.01449024,0.022667816,0.047060713,9.97E-07,1.54E-06,1.57E-05,-0.014233033,0.023659089,0.055888398,8.17E-06,2.21E-05,6.38E-05,-0.014544209,0.022860331,0.046583018,8.43E-07,1.44E-06,1.26E-05
309,2011-09-30,-0.017240907,0.024514979,0.042668684,9.97E-07,1.54E-06,1.57E-05,-0.014381782,0.022802763,0.047182342,8.17E-06,2.21E-05,6.38E-05,-0.017201629,0.024477544,0.042669061,8.43E-07,1.44E-06,1.26E-05
310,2011-10-31,-0.015944798,0.024060522,0.04338505,9.97E-07,1.54E-06,1.57E-05,-0.01711186,0.02449432,0.042945632,8.17E-06,2.21E-05,6.38E-05,-0.016216525,0.024363883,0.04396464,8.43E-07,1.44E-06,1.26E-05
311,2011-11-30,-0.019006495,0.0274301,0.04516749,9.97E-07,1.54E-06,1.57E-05,-0.015825452,0.024069652,0.043636664,8.17E-06,2.21E-05,6.38E-05,-0.019060067,0.027636343,0.044814313,8.43E-07,1.44E-06,1.26E-05
312,2011-12-30,-0.021143966,0.029710227,0.043383782,9.97E-07,1.54E-06,1.57E-05,-0.018864232,0.027383818,0.045356071,8.17E-06,2.21E-05,6.38E-05,-0.021020428,0.029722729,0.042706933,8.43E-07,1.44E-06,1.26E-05
313,2012-01-31,-0.020708631,0.029807621,0.040639561,9.97E-07,1.54E-06,1.57E-05,-0.020985705,0.029556714,0.043635441,8.17E-06,2.21E-05,6.38E-05,-0.020759229,0.029815628,0.040980459,8.43E-07,1.44E-06,1.26E-05
314,2012-02-29,-0.020124562,0.029894538,0.042365546,9.97E-07,1.54E-06,1.57E-05,-0.020553628,0.029587298,0.040988266,8.17E-06,2.21E-05,6.38E-05,-0.02028376,0.029944179,0.043144723,8.43E-07,1.44E-06,1.26E-05
315,2012-03-30,-0.020482417,0.030259578,0.047119848,9.97E-07,1.54E-06,1.57E-05,-0.019973932,0.029711971,0.042653214,8.17E-06,2.21E-05,6.38E-05,-0.020395631,0.030462793,0.046249737,8.43E-07,1.44E-06,1.26E-05
316,2012-04-30,-0.021132284,0.033056199,0.045153786,9.97E-07,1.54E-06,1.57E-05,-0.020329108,0.030177393,0.047239387,8.17E-06,2.21E-05,6.38E-05,-0.021118428,0.033208274,0.044390185,8.43E-07,1.44E-06,1.26E-05
317,2012-05-31,-0.023575027,0.033975457,0.039862753,9.97E-07,1.54E-06,1.57E-05,-0.02097411,0.032847664,0.045342852,8.17E-06,2.21E-05,6.38E-05,-0.023487603,0.033940569,0.039481693,8.43E-07,1.44E-06,1.26E-05
318,2012-06-29,-0.022957114,0.033028145,0.03893632,9.97E-07,1.54E-06,1.57E-05,-0.023398569,0.033617056,0.040238929,8.17E-06,2.21E-05,6.38E-05,-0.022981709,0.033186863,0.038696559,8.43E-07,1.44E-06,1.26E-05
319,2012-07-31,-0.023851601,0.034828983,0.038481478,9.97E-07,1.54E-06,1.57E-05,-0.022785282,0.032675401,0.039345258,8.17E-06,2.21E-05,6.38E-05,-0.02384026,0.034844244,0.038463006,8.43E-07,1.44E-06,1.26E-05
320,2012-08-31,-0.023419872,0.034867779,0.039743106,9.97E-07,1.54E-06,1.57E-05,-0.023673074,0.034413798,0.038906501,8.17E-06,2.21E-05,6.38E-05,-0.023379559,0.034860953,0.039500347,8.43E-07,1.44E-06,1.26E-05
321,2012-09-28,-0.023348743,0.034301506,0.038769479,9.97E-07,1.54E-06,1.57E-05,-0.023244576,0.034480903,0.040123513,8.17E-06,2.21E-05,6.38E-05,-0.023325434,0.034273741,0.038758907,8.43E-07,1.44E-06,1.26E-05
322,2012-10-31,-0.022649227,0.033569241,0.039500697,9.97E-07,1.54E-06,1.57E-05,-0.023173979,0.03390822,0.039184317,8.17E-06,2.21E-05,6.38E-05,-0.022719811,0.033683405,0.039539764,8.43E-07,1.44E-06,1.26E-05
323,2012-11-30,-0.023591865,0.034548355,0.038983808,9.97E-07,1.54E-06,1.57E-05,-0.022479699,0.033214087,0.039889677,8.17E-06,2.21E-05,6.38E-05,-0.023680029,0.034539771,0.039517323,8.43E-07,1.44E-06,1.26E-05
324,2012-12-31,-0.023449286,0.034319629,0.041936115,9.97E-07,1.54E-06,1.57E-05,-0.023415282,0.034152964,0.039391066,8.17E-06,2.21E-05,6.38E-05,-0.023336869,0.034126382,0.041927293,8.43E-07,1.44E-06,1.26E-05
325,2013-01-31,-0.021456129,0.031897038,0.044706843,9.97E-07,1.54E-06,1.57E-05,-0.02327377,0.03399968,0.042238969,8.17E-06,2.21E-05,6.38E-05,-0.021163586,0.03181148,0.043269702,8.43E-07,1.44E-06,1.26E-05
326,2013-02-28,-0.020707085,0.030371293,0.03947489,9.97E-07,1.54E-06,1.57E-05,-0.021295531,0.031711443,0.044911714,8.17E-06,2.21E-05,6.38E-05,-0.020519078,0.030433173,0.038351642,8.43E-07,1.44E-06,1.26E-05
327,2013-03-28,-0.02046512,0.03096649,0.036072681,9.97E-07,1.54E-06,1.57E-05,-0.020552095,0.030107582,0.039864782,8.17E-06,2.21E-05,6.38E-05,-0.020445774,0.03111097,0.035529397,8.43E-07,1.44E-06,1.26E-05
328,2013-04-30,-0.021413553,0.03241294,0.031732635,9.97E-07,1.54E-06,1.57E-05,-0.02031194,0.030606295,0.036582888,8.17E-06,2.21E-05,6.38E-05,-0.021670924,0.032291798,0.033584893,8.43E-07,1.44E-06,1.26E-05
329,2013-05-31,-0.019811931,0.030870668,0.039581085,9.97E-07,1.54E-06,1.57E-05,-0.021253275,0.031909885,0.032396322,8.17E-06,2.21E-05,6.38E-05,-0.020084256,0.030723396,0.041541072,8.43E-07,1.44E-06,1.26E-05
330,2013-06-28,-0.018521947,0.029088103,0.048951798,9.97E-07,1.54E-06,1.57E-05,-0.019663641,0.030595061,0.039967222,8.17E-06,2.21E-05,6.38E-05,-0.018516143,0.028944106,0.049254091,8.43E-07,1.44E-06,1.26E-05
331,2013-07-31,-0.017382268,0.027189779,0.049338842,9.97E-07,1.54E-06,1.57E-05,-0.018383312,0.029082365,0.049006552,8.17E-06,2.21E-05,6.38E-05,-0.017475409,0.027097704,0.050124537,8.43E-07,1.44E-06,1.26E-05
332,2013-08-30,-0.016603447,0.026218933,0.053589102,9.97E-07,1.54E-06,1.57E-05,-0.017252164,0.027247707,0.049379909,8.17E-06,2.21E-05,6.38E-05,-0.016511281,0.026163878,0.053153133,8.43E-07,1.44E-06,1.26E-05
333,2013-09-30,-0.016433742,0.025496167,0.051864292,9.97E-07,1.54E-06,1.57E-05,-0.016479172,0.026403937,0.053479864,8.17E-06,2.21E-05,6.38E-05,-0.016287502,0.02546898,0.051049617,8.43E-07,1.44E-06,1.26E-05
334,2013-10-31,-0.016375085,0.025219311,0.04758241,9.97E-07,1.54E-06,1.57E-05,-0.016310736,0.025661745,0.05181605,8.17E-06,2.21E-05,6.38E-05,-0.016303915,0.02505747,0.047645328,8.43E-07,1.44E-06,1.26E-05
335,2013-11-29,-0.014575541,0.023312925,0.047204349,9.97E-07,1.54E-06,1.57E-05,-0.016252519,0.025292988,0.047685591,8.17E-06,2.21E-05,6.38E-05,-0.014779005,0.023293947,0.04839142,8.43E-07,1.44E-06,1.26E-05
336,2013-12-31,-0.014579253,0.023054381,0.053880386,9.97E-07,1.54E-06,1.57E-05,-0.014466444,0.023432654,0.047320899,8.17E-06,2.21E-05,6.38E-05,-0.014490233,0.02325627,0.052635704,8.43E-07,1.44E-06,1.26E-05
337,2014-01-31,-0.017057718,0.025269349,0.046690068,9.97E-07,1.54E-06,1.57E-05,-0.014470129,0.023337263,0.053760847,8.17E-06,2.21E-05,6.38E-05,-0.016974243,0.025255292,0.046276862,8.43E-07,1.44E-06,1.26E-05
338,2014-02-28,-0.016654912,0.025161115,0.044981526,9.97E-07,1.54E-06,1.57E-05,-0.016930042,0.025320772,0.046824805,8.17E-06,2.21E-05,6.38E-05,-0.016674504,0.025161352,0.045125408,8.43E-07,1.44E-06,1.26E-05
339,2014-03-31,-0.016409846,0.025211623,0.046459022,9.97E-07,1.54E-06,1.57E-05,-0.016530252,0.025175803,0.045176683,8.17E-06,2.21E-05,6.38E-05,-0.016383086,0.025290231,0.046102539,8.43E-07,1.44E-06,1.26E-05
340,2014-04-30,-0.016815062,0.026117807,0.045101473,9.97E-07,1.54E-06,1.57E-05,-0.016287019,0.025259318,0.04660193,8.17E-06,2.21E-05,6.38E-05,-0.016871872,0.026260354,0.044940946,8.43E-07,1.44E-06,1.26E-05
341,2014-05-30,-0.0182697,0.027605877,0.043433945,9.97E-07,1.54E-06,1.57E-05,-0.016689203,0.026107756,0.045292388,8.17E-06,2.21E-05,6.38E-05,-0.018323526,0.027650049,0.043615596,8.43E-07,1.44E-06,1.26E-05
342,2014-06-30,-0.018433334,0.027938555,0.044328964,9.97E-07,1.54E-06,1.57E-05,-0.018132953,0.027514103,0.043683831,8.17E-06,2.21E-05,6.38E-05,-0.018532916,0.02809078,0.044431782,8.43E-07,1.44E-06,1.26E-05
343,2014-07-31,-0.01969039,0.029524843,0.044339688,9.97E-07,1.54E-06,1.57E-05,-0.018295362,0.027858081,0.044547198,8.17E-06,2.21E-05,6.38E-05,-0.019805112,0.029688,0.044440742,8.43E-07,1.44E-06,1.26E-05
344,2014-08-29,-0.021334786,0.03125607,0.043318215,9.97E-07,1.54E-06,1.57E-05,-0.019543009,0.029398961,0.044557543,8.17E-06,2.21E-05,6.38E-05,-0.021422003,0.031201794,0.043966401,8.43E-07,1.44E-06,1.26E-05
345,2014-09-30,-0.020732409,0.030359766,0.04686067,9.97E-07,1.54E-06,1.57E-05,-0.021175096,0.031056534,0.043572193,8.17E-06,2.21E-05,6.38E-05,-0.020744405,0.030441698,0.046658338,8.43E-07,1.44E-06,1.26E-05
346,2014-10-31,-0.021456482,0.03101382,0.045989836,9.97E-07,1.54E-06,1.57E-05,-0.020577229,0.030268653,0.046989373,8.17E-06,2.21E-05,6.38E-05,-0.021473872,0.031164379,0.045578001,8.43E-07,1.44E-06,1.26E-05
347,2014-11-28,-0.022996891,0.032349799,0.043580494,9.97E-07,1.54E-06,1.57E-05,-0.021295882,0.03088357,0.046149336,8.17E-06,2.21E-05,6.38E-05,-0.02300592,0.032486019,0.043263417,8.43E-07,1.44E-06,1.26E-05
348,2014-12-31,-0.024043269,0.033753902,0.043662702,9.97E-07,1.54E-06,1.57E-05,-0.022824761,0.032124901,0.043825197,8.17E-06,2.21E-05,6.38E-05,-0.023926964,0.033851128,0.042216152,8.43E-07,1.44E-06,1.26E-05
349,2015-01-30,-0.027219376,0.033125555,0.033590822,9.97E-07,1.54E-06,1.57E-05,-0.023863308,0.033490507,0.043904498,8.17E-06,2.21E-05,6.38E-05,-0.027070749,0.033081665,0.032978427,8.43E-07,1.44E-06,1.26E-05
350,2015-02-27,-0.026077533,0.032384256,0.032228173,9.97E-07,1.54E-06,1.57E-05,-0.027015641,0.032645329,0.034188796,8.17E-06,2.21E-05,6.38E-05,-0.026066915,0.032339873,0.032327595,8.43E-07,1.44E-06,1.26E-05
351,2015-03-31,-0.025359175,0.031499702,0.033505504,9.97E-07,1.54E-06,1.57E-05,-0.025882345,0.031893585,0.032874335,8.17E-06,2.21E-05,6.38E-05,-0.025332505,0.031445462,0.03369758,8.43E-07,1.44E-06,1.26E-05
352,2015-04-30,-0.023851335,0.031032076,0.036776235,9.97E-07,1.54E-06,1.57E-05,-0.025169364,0.031064283,0.034106495,8.17E-06,2.21E-05,6.38E-05,-0.023791044,0.030952761,0.036620345,8.43E-07,1.44E-06,1.26E-05
353,2015-05-29,-0.023271566,0.029737003,0.036690123,9.97E-07,1.54E-06,1.57E-05,-0.02367281,0.030686403,0.037261562,8.17E-06,2.21E-05,6.38E-05,-0.023140547,0.029564385,0.036411662,8.43E-07,1.44E-06,1.26E-05
354,2015-06-30,-0.021589526,0.027086322,0.036131978,9.97E-07,1.54E-06,1.57E-05,-0.02309738,0.029426597,0.037178495,8.17E-06,2.21E-05,6.38E-05,-0.021657108,0.027163612,0.036084343,8.43E-07,1.44E-06,1.26E-05
355,2015-07-31,-0.02323356,0.027270768,0.034864654,9.97E-07,1.54E-06,1.57E-05,-0.021427931,0.026839191,0.036640088,8.17E-06,2.21E-05,6.38E-05,-0.023129721,0.027189942,0.034559588,8.43E-07,1.44E-06,1.26E-05
356,2015-08-31,-0.022077007,0.026026253,0.034918702,9.97E-07,1.54E-06,1.57E-05,-0.023059659,0.026988769,0.035417581,8.17E-06,2.21E-05,6.38E-05,-0.022053067,0.026103171,0.034634806,8.43E-07,1.44E-06,1.26E-05
357,2015-09-30,-0.022238417,0.026962098,0.034389931,9.97E-07,1.54E-06,1.57E-05,-0.021911762,0.025781336,0.035469718,8.17E-06,2.21E-05,6.38E-05,-0.022238531,0.02691845,0.034558826,8.43E-07,1.44E-06,1.26E-05
358,2015-10-30,-0.021421134,0.026173262,0.036091812,9.97E-07,1.54E-06,1.57E-05,-0.022071964,0.026677911,0.034959646,8.17E-06,2.21E-05,6.38E-05,-0.021482816,0.026277022,0.036184942,8.43E-07,1.44E-06,1.26E-05
359,2015-11-30,-0.022102954,0.027264226,0.037945062,9.97E-07,1.54E-06,1.57E-05,-0.021260798,0.025951475,0.036601342,8.17E-06,2.21E-05,6.38E-05,-0.022012285,0.027369459,0.03709921,8.43E-07,1.44E-06,1.26E-05
360,2015-12-31,-0.023051091,0.028087994,0.034814419,9.97E-07,1.54E-06,1.57E-05,-0.021937515,0.027054263,0.038389055,8.17E-06,2.21E-05,6.38E-05,-0.022967951,0.0281901,0.034016634,8.43E-07,1.44E-06,1.26E-05
361,2016-01-29,-0.023824111,0.028720526,0.031154297,9.97E-07,1.54E-06,1.57E-05,-0.022878556,0.027781302,0.035369123,8.17E-06,2.21E-05,6.38E-05,-0.023901723,0.028872756,0.031195849,8.43E-07,1.44E-06,1.26E-05
362,2016-02-29,-0.024793355,0.03029063,0.031709874,9.97E-07,1.54E-06,1.57E-05,-0.02364579,0.028310259,0.031838435,8.17E-06,2.21E-05,6.38E-05,-0.024846521,0.03031727,0.031957462,8.43E-07,1.44E-06,1.26E-05
363,2016-03-31,-0.024571317,0.030173682,0.032735671,9.97E-07,1.54E-06,1.57E-05,-0.024607779,0.02984813,0.032374365,8.17E-06,2.21E-05,6.38E-05,-0.024760856,0.030269673,0.033622559,8.43E-07,1.44E-06,1.26E-05
364,2016-04-29,-0.024962949,0.031161258,0.038597507,9.97E-07,1.54E-06,1.57E-05,-0.024387402,0.029758474,0.033363886,8.17E-06,2.21E-05,6.38E-05,-0.024908444,0.031295003,0.037887568,8.43E-07,1.44E-06,1.26E-05
365,2016-05-31,-0.025918597,0.032153654,0.035544768,9.97E-07,1.54E-06,1.57E-05,-0.024776104,0.030854346,0.039018427,8.17E-06,2.21E-05,6.38E-05,-0.026015236,0.032395007,0.035299032,8.43E-07,1.44E-06,1.26E-05
366,2016-06-30,-0.028261662,0.03423472,0.03339511,9.97E-07,1.54E-06,1.57E-05,-0.025724598,0.031746976,0.036073644,8.17E-06,2.21E-05,6.38E-05,-0.028380947,0.03442893,0.033541709,8.43E-07,1.44E-06,1.26E-05
367,2016-07-29,-0.029644611,0.036149424,0.034340351,9.97E-07,1.54E-06,1.57E-05,-0.028050126,0.033718006,0.034000005,8.17E-06,2.21E-05,6.38E-05,-0.029692004,0.036226181,0.034409804,8.43E-07,1.44E-06,1.26E-05
368,2016-08-31,-0.030113928,0.036664978,0.035585185,9.97E-07,1.54E-06,1.57E-05,-0.029422724,0.035599646,0.034911819,8.17E-06,2.21E-05,6.38E-05,-0.030024003,0.036621368,0.035207291,8.43E-07,1.44E-06,1.26E-05
369,2016-09-30,-0.029446404,0.035739696,0.034126956,9.97E-07,1.54E-06,1.57E-05,-0.029888528,0.036129395,0.036112632,8.17E-06,2.21E-05,6.38E-05,-0.029429667,0.035568912,0.034545008,8.43E-07,1.44E-06,1.26E-05
370,2016-10-31,-0.027503656,0.033412147,0.035933787,9.97E-07,1.54E-06,1.57E-05,-0.029226,0.035196734,0.03470597,8.17E-06,2.21E-05,6.38E-05,-0.027599664,0.03318285,0.037226717,8.43E-07,1.44E-06,1.26E-05
371,2016-11-30,-0.024881817,0.030660029,0.043230705,9.97E-07,1.54E-06,1.57E-05,-0.027297793,0.03297832,0.036448905,8.17E-06,2.21E-05,6.38E-05,-0.024885179,0.030521912,0.043662173,8.43E-07,1.44E-06,1.26E-05
372,2016-12-30,-0.023547416,0.028986485,0.046370607,9.97E-07,1.54E-06,1.57E-05,-0.024695578,0.030475609,0.043487778,8.17E-06,2.21E-05,6.38E-05,-0.023399484,0.028849361,0.045934519,8.43E-07,1.44E-06,1.26E-05
373,2017-01-31,-0.022148835,0.027149101,0.045656811,9.97E-07,1.54E-06,1.57E-05,-0.023371165,0.028923468,0.046516641,8.17E-06,2.21E-05,6.38E-05,-0.022047653,0.027201739,0.044933328,8.43E-07,1.44E-06,1.26E-05
374,2017-02-28,-0.022362724,0.027587983,0.04249492,9.97E-07,1.54E-06,1.57E-05,-0.021983052,0.02712232,0.045828088,8.17E-06,2.21E-05,6.38E-05,-0.02239679,0.027706805,0.042394665,8.43E-07,1.44E-06,1.26E-05
375,2017-03-31,-0.023002526,0.028900516,0.042770819,9.97E-07,1.54E-06,1.57E-05,-0.022195341,0.027474822,0.042778013,8.17E-06,2.21E-05,6.38E-05,-0.0230372,0.029078982,0.042404303,8.43E-07,1.44E-06,1.26E-05
376,2017-04-28,-0.024533405,0.030618634,0.040309402,9.97E-07,1.54E-06,1.57E-05,-0.022830354,0.028756012,0.043044155,8.17E-06,2.21E-05,6.38E-05,-0.024665641,0.030789179,0.040515554,8.43E-07,1.44E-06,1.26E-05
377,2017-05-31,-0.025613888,0.032037287,0.038296212,9.97E-07,1.54E-06,1.57E-05,-0.024349774,0.030367268,0.040669782,8.17E-06,2.21E-05,6.38E-05,-0.026174541,0.03235069,0.040757334,8.43E-07,1.44E-06,1.26E-05
378,2017-06-30,-0.027621388,0.036541939,0.050149802,9.97E-07,1.54E-06,1.57E-05,-0.02542217,0.031698133,0.038727786,8.17E-06,2.21E-05,6.38E-05,-0.02759115,0.036367976,0.050671458,8.43E-07,1.44E-06,1.26E-05
379,2017-07-31,-0.02486846,0.034599213,0.054740448,9.97E-07,1.54E-06,1.57E-05,-0.027414644,0.036349603,0.050162191,8.17E-06,2.21E-05,6.38E-05,-0.024946128,0.034801707,0.054532194,8.43E-07,1.44E-06,1.26E-05
380,2017-08-31,-0.026852042,0.036864488,0.052492487,9.97E-07,1.54E-06,1.57E-05,-0.024682321,0.034569864,0.054590494,8.17E-06,2.21E-05,6.38E-05,-0.026827895,0.036869768,0.052594648,8.43E-07,1.44E-06,1.26E-05
381,2017-09-29,-0.025311817,0.037399438,0.054461121,9.97E-07,1.54E-06,1.57E-05,-0.026651057,0.036717508,0.052422029,8.17E-06,2.21E-05,6.38E-05,-0.025485894,0.037529239,0.054908586,8.43E-07,1.44E-06,1.26E-05
382,2017-10-31,-0.026895307,0.03830287,0.053860896,9.97E-07,1.54E-06,1.57E-05,-0.02512236,0.037282977,0.054321045,8.17E-06,2.21E-05,6.38E-05,-0.027138777,0.038457922,0.054712761,8.43E-07,1.44E-06,1.26E-05
383,2017-11-30,-0.028215524,0.039692655,0.055109104,9.97E-07,1.54E-06,1.57E-05,-0.026693998,0.038146406,0.053742047,8.17E-06,2.21E-05,6.38E-05,-0.028571251,0.039917556,0.056589588,8.43E-07,1.44E-06,1.26E-05
384,2017-12-29,-0.02932853,0.042703582,0.060445173,9.97E-07,1.54E-06,1.57E-05,-0.028004333,0.039525303,0.054946113,8.17E-06,2.21E-05,6.38E-05,-0.029640779,0.042785508,0.062037925,8.43E-07,1.44E-06,1.26E-05
385,2018-01-31,-0.029691119,0.043958473,0.067535293,9.97E-07,1.54E-06,1.57E-05,-0.029109009,0.042574025,0.060093479,8.17E-06,2.21E-05,6.38E-05,-0.029704239,0.043919773,0.067642531,8.43E-07,1.44E-06,1.26E-05
386,2018-02-28,-0.029360814,0.043080067,0.066677319,9.97E-07,1.54E-06,1.57E-05,-0.029468883,0.043958167,0.066932866,8.17E-06,2.21E-05,6.38E-05,-0.029501932,0.043261764,0.066894894,8.43E-07,1.44E-06,1.26E-05
387,2018-03-29,-0.03101551,0.045277523,0.065388833,9.97E-07,1.54E-06,1.57E-05,-0.02914105,0.043085033,0.066105233,8.17E-06,2.21E-05,6.38E-05,-0.031101285,0.045188111,0.066161945,8.43E-07,1.44E-06,1.26E-05
388,2018-04-30,-0.029668441,0.044036612,0.068251376,9.97E-07,1.54E-06,1.57E-05,-0.030783361,0.045189188,0.064862314,8.17E-06,2.21E-05,6.38E-05,-0.029888747,0.044243758,0.06886562,8.43E-07,1.44E-06,1.26E-05
389,2018-05-31,-0.031508842,0.046487799,0.069514703,9.97E-07,1.54E-06,1.57E-05,-0.029446375,0.044050759,0.067623627,8.17E-06,2.21E-05,6.38E-05,-0.031569842,0.046570271,0.069599136,8.43E-07,1.44E-06,1.26E-05
390,2018-06-29,-0.032202436,0.047428235,0.068940322,9.97E-07,1.54E-06,1.57E-05,-0.031273001,0.046460861,0.068842277,8.17E-06,2.21E-05,6.38E-05,-0.032147236,0.047422644,0.068826326,8.43E-07,1.44E-06,1.26E-05
391,2018-07-31,-0.031058311,0.047679199,0.069758185,9.97E-07,1.54E-06,1.57E-05,-0.031961404,0.047360832,0.068288209,8.17E-06,2.21E-05,6.38E-05,-0.031022705,0.047809254,0.069242212,8.43E-07,1.44E-06,1.26E-05
392,2018-08-31,-0.031708022,0.049425731,0.066686204,9.97E-07,1.54E-06,1.57E-05,-0.030825842,0.047623648,0.069077149,8.17E-06,2.21E-05,6.38E-05,-0.031680861,0.049358696,0.066864282,8.43E-07,1.44E-06,1.26E-05
393,2018-09-28,-0.030416654,0.048842552,0.069164331,9.97E-07,1.54E-06,1.57E-05,-0.03147069,0.049248259,0.066113805,8.17E-06,2.21E-05,6.38E-05,-0.030205373,0.048837593,0.068212231,8.43E-07,1.44E-06,1.26E-05
394,2018-10-31,-0.029196118,0.049215203,0.067496495,9.97E-07,1.54E-06,1.57E-05,-0.030188988,0.048739666,0.068504296,8.17E-06,2.21E-05,6.38E-05,-0.028955078,0.049251884,0.066008013,8.43E-07,1.44E-06,1.26E-05
395,2018-11-30,-0.02950614,0.049280616,0.061420609,9.97E-07,1.54E-06,1.57E-05,-0.028977588,0.04906269,0.066895441,8.17E-06,2.21E-05,6.38E-05,-0.029270763,0.049319826,0.059856329,8.43E-07,1.44E-06,1.26E-05
396,2018-12-31,-0.030246153,0.048972637,0.053768706,9.97E-07,1.54E-06,1.57E-05,-0.029285289,0.048984507,0.06103442,8.17E-06,2.21E-05,6.38E-05,-0.030078866,0.048974082,0.052837498,8.43E-07,1.44E-06,1.26E-05
397,2019-01-31,-0.029917175,0.048500233,0.049815206,9.97E-07,1.54E-06,1.57E-05,-0.030019763,0.04850692,0.053653117,8.17E-06,2.21E-05,6.38E-05,-0.029855301,0.048492559,0.049556814,8.43E-07,1.44E-06,1.26E-05
398,2019-02-28,-0.02930276,0.047826638,0.050162495,9.97E-07,1.54E-06,1.57E-05,-0.029693248,0.047955902,0.049839426,8.17E-06,2.21E-05,6.38E-05,-0.029264678,0.048038115,0.04923799,8.43E-07,1.44E-06,1.26E-05
399,2019-03-29,-0.03155715,0.049574142,0.045196512,9.97E-07,1.54E-06,1.57E-05,-0.029083431,0.047309794,0.050174434,8.17E-06,2.21E-05,6.38E-05,-0.031417364,0.049549825,0.044603352,8.43E-07,1.44E-06,1.26E-05
400,2019-04-30,-0.030365856,0.048665431,0.044143661,9.97E-07,1.54E-06,1.57E-05,-0.031320948,0.048891174,0.045384067,8.17E-06,2.21E-05,6.38E-05,-0.030429989,0.048904053,0.043764373,8.43E-07,1.44E-06,1.26E-05
401,2019-05-31,-0.032381779,0.050536956,0.041164377,9.97E-07,1.54E-06,1.57E-05,-0.03013857,0.047984062,0.044368449,8.17E-06,2.21E-05,6.38E-05,-0.032553279,0.050742747,0.041574736,8.43E-07,1.44E-06,1.26E-05
402,2019-06-28,-0.033817242,0.052319901,0.042819638,9.97E-07,1.54E-06,1.57E-05,-0.032139404,0.049732231,0.041494523,8.17E-06,2.21E-05,6.38E-05,-0.033902994,0.052413802,0.043090901,8.43E-07,1.44E-06,1.26E-05
403,2019-07-31,-0.034133957,0.052622447,0.045082918,9.97E-07,1.54E-06,1.57E-05,-0.033564123,0.051502466,0.043091248,8.17E-06,2.21E-05,6.38E-05,-0.034176169,0.052854679,0.044536128,8.43E-07,1.44E-06,1.26E-05
404,2019-08-30,-0.036352845,0.054219621,0.040461992,9.97E-07,1.54E-06,1.57E-05,-0.033878467,0.051849092,0.04527449,8.17E-06,2.21E-05,6.38E-05,-0.036517431,0.054333263,0.041237722,8.43E-07,1.44E-06,1.26E-05
405,2019-09-30,-0.036289318,0.055271658,0.045005951,9.97E-07,1.54E-06,1.57E-05,-0.036080747,0.053292517,0.040816976,8.17E-06,2.21E-05,6.38E-05,-0.036364077,0.055271504,0.04543507,8.43E-07,1.44E-06,1.26E-05
406,2019-10-31,-0.035791005,0.054342634,0.046250307,9.97E-07,1.54E-06,1.57E-05,-0.036017696,0.054420256,0.045200244,8.17E-06,2.21E-05,6.38E-05,-0.036027604,0.054475731,0.047203971,8.43E-07,1.44E-06,1.26E-05
407,2019-11-29,-0.036825915,0.055361304,0.049969593,9.97E-07,1.54E-06,1.57E-05,-0.035523113,0.053546996,0.046400596,8.17E-06,2.21E-05,6.38E-05,-0.036835736,0.055280645,0.050390193,8.43E-07,1.44E-06,1.26E-05
408,2019-12-31,-0.035274203,0.053827989,0.05434025,9.97E-07,1.54E-06,1.57E-05,-0.036550276,0.054623094,0.049988354,8.17E-06,2.21E-05,6.38E-05,-0.035210814,0.054049566,0.053181061,8.43E-07,1.44E-06,1.26E-05
409,2020-01-31,-0.037718876,0.0554569,0.047134462,9.97E-07,1.54E-06,1.57E-05,-0.035010178,0.053235852,0.054204448,8.17E-06,2.21E-05,6.38E-05,-0.037715848,0.055397575,0.047036444,8.43E-07,1.44E-06,1.26E-05
410,2020-02-28,-0.038259291,0.053930725,0.04463795,9.97E-07,1.54E-06,1.57E-05,-0.037436554,0.054649812,0.047253484,8.17E-06,2.21E-05,6.38E-05,-0.038096492,0.053175936,0.044945047,8.43E-07,1.44E-06,1.26E-05
411,2020-03-31,-0.035646286,0.040932833,0.041149783,9.97E-07,1.54E-06,1.57E-05,-0.037972923,0.053109335,0.044845258,8.17E-06,2.21E-05,6.38E-05,-0.035642815,0.041051998,0.040644815,8.43E-07,1.44E-06,1.26E-05
412,2020-04-30,-0.037044462,0.041358758,0.037559953,9.97E-07,1.54E-06,1.57E-05,-0.035379477,0.040404199,0.041480445,8.17E-06,2.21E-05,6.38E-05,-0.03710907,0.04141914,0.037726981,8.43E-07,1.44E-06,1.26E-05
413,2020-05-29,-0.037198239,0.04122379,0.037620126,9.97E-07,1.54E-06,1.57E-05,-0.036767187,0.040734136,0.038017564,8.17E-06,2.21E-05,6.38E-05,-0.037453567,0.041426146,0.038424628,8.43E-07,1.44E-06,1.26E-05
414,2020-06-30,-0.038988021,0.042897336,0.040430554,9.97E-07,1.54E-06,1.57E-05,-0.036919813,0.040604456,0.03807561,8.17E-06,2.21E-05,6.38E-05,-0.039121037,0.043019858,0.040757866,8.43E-07,1.44E-06,1.26E-05
415,2020-07-31,-0.040394095,0.043849551,0.041787448,9.97E-07,1.54E-06,1.57E-05,-0.038696199,0.042295383,0.04078665,8.17E-06,2.21E-05,6.38E-05,-0.040196052,0.043633308,0.041379745,8.43E-07,1.44E-06,1.26E-05
416,2020-08-31,-0.037624097,0.040722873,0.041659497,9.97E-07,1.54E-06,1.57E-05,-0.040091748,0.043251839,0.04209556,8.17E-06,2.21E-05,6.38E-05,-0.037641859,0.040797114,0.041521642,8.43E-07,1.44E-06,1.26E-05
417,2020-09-30,-0.03817245,0.041133876,0.040922394,9.97E-07,1.54E-06,1.57E-05,-0.037342484,0.04021217,0.041972133,8.17E-06,2.21E-05,6.38E-05,-0.038127823,0.041046974,0.040952734,8.43E-07,1.44E-06,1.26E-05
418,2020-10-30,-0.0367455,0.039483286,0.041215884,9.97E-07,1.54E-06,1.57E-05,-0.037886733,0.040594152,0.041261097,8.17E-06,2.21E-05,6.38E-05,-0.036937158,0.039615639,0.041887334,8.43E-07,1.44E-06,1.26E-05
419,2020-11-30,-0.037935743,0.040670997,0.044091861,9.97E-07,1.54E-06,1.57E-05,-0.036470463,0.038997915,0.041544209,8.17E-06,2.21E-05,6.38E-05,-0.03789566,0.040608216,0.044007244,8.43E-07,1.44E-06,1.26E-05
420,2020-12-31,-0.037442648,0.039631715,0.043934488,9.97E-07,1.54E-06,1.57E-05,-0.037651797,0.04021852,0.04431848,8.17E-06,2.21E-05,6.38E-05,-0.037255416,0.039321192,0.043787012,8.43E-07,1.44E-06,1.26E-05
421,2021-01-29,-0.033947106,0.035567069,0.042327998,9.97E-07,1.54E-06,1.57E-05,-0.037162393,0.039205481,0.044166673,8.17E-06,2.21E-05,6.38E-05,-0.034221729,0.035398179,0.044445864,8.43E-07,1.44E-06,1.26E-05
422,2021-02-26,-0.03202753,0.03387328,0.052865621,9.97E-07,1.54E-06,1.57E-05,-0.033693015,0.035220356,0.042616994,8.17E-06,2.21E-05,6.38E-05,-0.031964115,0.033556444,0.05334236,8.43E-07,1.44E-06,1.26E-05
423,2021-03-31,-0.029456119,0.029836046,0.055704564,9.97E-07,1.54E-06,1.57E-05,-0.031787806,0.033821098,0.052781968,8.17E-06,2.21E-05,6.38E-05,-0.029300715,0.029720941,0.05516838,8.43E-07,1.44E-06,1.26E-05
424,2021-04-30,-0.028024442,0.02846023,0.053390436,9.97E-07,1.54E-06,1.57E-05,-0.029235642,0.029966281,0.055520515,8.17E-06,2.21E-05,6.38E-05,-0.028077735,0.028523832,0.053467834,8.43E-07,1.44E-06,1.26E-05
425,2021-05-31,-0.02826328,0.028926462,0.052221549,9.97E-07,1.54E-06,1.57E-05,-0.027814681,0.02857609,0.053288224,8.17E-06,2.21E-05,6.38E-05,-0.028601112,0.029252046,0.0531471,8.43E-07,1.44E-06,1.26E-05
426,2021-06-30,-0.031431478,0.032900408,0.055874349,9.97E-07,1.54E-06,1.57E-05,-0.028051732,0.02900164,0.052160672,8.17E-06,2.21E-05,6.38E-05,-0.03134799,0.032980621,0.055146453,8.43E-07,1.44E-06,1.26E-05
427,2021-07-30,-0.03193122,0.033804026,0.051681628,9.97E-07,1.54E-06,1.57E-05,-0.031196216,0.032946403,0.055684296,8.17E-06,2.21E-05,6.38E-05,-0.031982857,0.033799018,0.051957618,8.43E-07,1.44E-06,1.26E-05
428,2021-08-31,-0.031574305,0.033713815,0.050996673,9.97E-07,1.54E-06,1.57E-05,-0.031692218,0.033726221,0.051639845,8.17E-06,2.21E-05,6.38E-05,-0.031818534,0.03360179,0.052667053,8.43E-07,1.44E-06,1.26E-05
429,2021-09-29,-0.030071666,0.032020186,0.05615483,9.97E-07,1.54E-06,1.57E-05,-0.031337974,0.033622631,0.050979113,8.17E-06,2.21E-05,6.38E-05,-0.030627237,0.032295982,0.058619374,8.43E-07,1.44E-06,1.26E-05
430,2021-10-29,-0.031830144,0.035963077,0.066724696,9.97E-07,1.54E-06,1.57E-05,-0.029846582,0.032098057,0.055954858,8.17E-06,2.21E-05,6.38E-05,-0.032038108,0.036081838,0.067402598,8.43E-07,1.44E-06,1.26E-05
431,2021-11-30,-0.03331889,0.037003328,0.067469957,9.97E-07,1.54E-06,1.57E-05,-0.031591898,0.036173993,0.066150936,8.17E-06,2.21E-05,6.38E-05,-0.033494762,0.037254257,0.067678158,8.43E-07,1.44E-06,1.26E-05
432,2021-12-31,-0.035835463,0.040337531,0.066573861,9.97E-07,1.54E-06,1.57E-05,-0.033069501,0.037201686,0.066869841,8.17E-06,2.21E-05,6.38E-05,-0.035694582,0.040141743,0.066649857,8.43E-07,1.44E-06,1.26E-05
433,2022-01-31,-0.032357201,0.038968884,0.069455171,9.97E-07,1.54E-06,1.57E-05,-0.035567237,0.040419021,0.066005435,8.17E-06,2.21E-05,6.38E-05,-0.032293072,0.038899268,0.06934033,8.52E-07,1.44E-06,1.28E-05
434,2022-02-09,-0.031238626,0.038421987,0.068823306,9.97E-07,1.54E-06,1.57E-05,-0.03211501,0.039156971,0.06878485,8.17E-06,2.21E-05,6.38E-05,-0.031238626,0.038421987,0.068823306,9.97E-07,1.54E-06,1.57E-05
435,NA,NA,NA,NA,NA,NA,NA,-0.031004808,0.038611078,0.06817533,8.17E-06,2.21E-05,6.38E-05,NA,NA,NA,NA,NA,NA
