"","t","Rt_TSX","ht_TSX","volt_TSX","Rt_SP500","ht_SP500","volt_SP500","riskfree_annual","riskfree_monthly"
"1986-01-31",0,NA,0.00179873049393375,0.146917548057422,NA,0.0018697666576172,0.149790520031831,0.10411992,0.00867666
"1986-02-28",1,0.004492211,0.00139423087444524,0.129347479655937,0.069049532,0.00176345135417913,0.145469640303912,0.108837381,0.00906978175
"1986-03-31",2,0.06490393,0.00150027203691992,0.13417624395935,0.051447522,0.00158149300915626,0.137760357541185,0.096188268,0.008015689
"1986-04-30",3,0.010316366,0.00114179165646715,0.117053406091432,-0.014249219,0.00171499182297529,0.143456968724783,0.08948039,0.00745669916666667
"1986-05-30",4,0.013901566,0.000985789291807358,0.108763373898056,0.049008502,0.00154941315917422,0.136355996971496,0.089836556,0.00748637966666667
"1986-06-30",5,-0.011760234,0.00127094085034638,0.123496114125735,0.014010948,0.00124582002720983,0.122269539651207,0.086500435,0.00720836958333333
"1986-07-31",6,-0.04990407,0.00256263128319951,0.175361271090267,-0.060475135,0.00276715872752375,0.182224874071256,0.086869444,0.00723912033333333
"1986-08-29",7,0.031158797,0.00174906795484375,0.144875171986524,0.06877262,0.00222912632983123,0.163552792571618,0.087127066,0.00726058883333333
"1986-09-30",8,-0.01628003,0.00176770951889397,0.145645165476674,-0.089310737,0.0043982614291249,0.229737104424816,0.087179613,0.00726496775
"1986-10-31",9,0.019807181,0.00133044269149102,0.126353916828456,0.053284221,0.00283569318076905,0.18446766158118,0.086788412,0.00723236766666667
"1986-11-28",10,0.002596314,0.00117361204825918,0.11867326817405,0.021249786,0.00193382417596337,0.15233479612866,0.084614265,0.00705118875
"1986-12-31",11,0.006347102,0.00102368200250736,0.110834038228733,-0.028696082,0.00222239331403771,0.163305602379258,0.083941606,0.00699513383333333
"1987-01-30",12,0.088192954,0.00156189475026119,0.13690411609274,0.123780076,0.00240595454825883,0.16991602213772,0.074468329,0.00620569408333333
"1987-02-27",13,0.043816718,0.00142577058478221,0.130802320382272,0.036258181,0.00183297345165581,0.148309411096767,0.074919578,0.00624329816666667
"1987-03-31",14,0.066503282,0.00155646961136784,0.136666145538733,0.026047661,0.00147608953413625,0.133090474526297,0.069991701,0.00583264175
"1987-04-30",15,-0.006115758,0.00142521625093255,0.130776890203088,-0.011516177,0.00155316381106415,0.13652093514465,0.083683254,0.0069736045
"1987-05-29",16,-0.008511357,0.00143094106000339,0.131039279302203,0.006015992,0.00131388001159802,0.125564963820232,0.084811628,0.00706763566666667
"1987-06-30",17,0.014814294,0.00114014114226615,0.116968772359095,0.04680201,0.0013073345763714,0.125251806040699,0.084878062,0.00707317183333333
"1987-07-31",18,0.074726562,0.0014819946573326,0.13335642424717,0.047097002,0.0013052416859442,0.125151509105285,0.091356722,0.00761306016666667
"1987-08-31",19,-0.009172545,0.00148715226810581,0.133588274999229,0.034361706,0.00122248473889721,0.12111901942621,0.092508197,0.00770901641666667
"1987-09-30",20,-0.02310142,0.00181885863301919,0.14773727896584,-0.024462954,0.00170206668123993,0.142915360178251,0.095873511,0.00798945925
"1987-10-30",21,-0.256566677,0.0400292856393804,0.693073897699636,-0.245428049,0.0254559500570427,0.552694672205651,0.083020796,0.00691839966666667
"1987-11-30",22,-0.013672387,0.00940187883178426,0.335890675639279,-0.0892126,0.0118026227279746,0.376339571046807,0.085786241,0.00714885341666667
"1987-12-31",23,0.059251102,0.00403781351105551,0.220122152753116,0.070329364,0.00555354632614161,0.258152195252528,0.087639947,0.00730332891666667
"1988-01-29",24,-0.033104361,0.00309410260229007,0.192689468387561,0.039636251,0.00318970578376068,0.195643730809674,0.082551973,0.00687933108333333
"1988-02-29",25,0.047150355,0.00208495797931897,0.158175521974254,0.040966692,0.00222904319668393,0.163549742770226,0.082585089,0.00688209075
"1988-03-31",26,0.033445864,0.00157385208398095,0.137427162554465,-0.033911852,0.00251208518837468,0.173623219243557,0.084865505,0.00707212541666667
"1988-04-29",27,0.007815463,0.00120290837548497,0.120145330769945,0.009380715,0.00177232587842175,0.145835217080995,0.088147734,0.0073456445
"1988-05-31",28,-0.027502169,0.00178413847354059,0.146320407607712,0.003171028,0.00149161871010232,0.133788730920163,0.090579849,0.00754832075
"1988-06-30",29,0.057498496,0.00163338234799765,0.140002100612712,0.042346617,0.00138039311787335,0.128703991447353,0.091614058,0.00763450483333333
"1988-07-29",30,-0.019008467,0.00178595587813076,0.146394912949764,-0.005426029,0.00141402816126077,0.130262573040491,0.094228436,0.00785236966666667
"1988-08-31",31,-0.027288756,0.0020753373398488,0.157810164685883,-0.039364831,0.00220726687852253,0.162748894135322,0.099466752,0.008288896
"1988-09-30",32,-0.000639336,0.00160765090009807,0.138894963195851,0.038960367,0.00173797795742059,0.14441514979062,0.101090893,0.00842424108333333
"1988-10-31",33,0.033480198,0.0013488709615272,0.127225986096892,0.02563312,0.00140980735747206,0.130068014091339,0.100761042,0.0083967535
"1988-11-30",34,-0.03013596,0.00196346939935082,0.153497989538006,-0.019071633,0.00171810043305766,0.143586925577129,0.105180045,0.00876500375
"1988-12-30",35,0.028514841,0.00146959314351753,0.132797280552767,0.014580796,0.00133316178815305,0.126482969042621,0.10839944,0.00903328666666667
"1989-01-31",36,0.064704466,0.001535910427088,0.135760543329261,0.068699968,0.00145158545848843,0.131981155858937,0.109166569,0.00909721408333333
"1989-02-23",37,-0.007855776,0.0015177560062175,0.13495581526785,-0.018388359,0.00174478946536245,0.144697870006263,0.117000684,0.009750057
"1989-03-31",38,-0.002818703,0.00141832734793523,0.130460446784544,0.009609561,0.00141002358935586,0.13007798842337,0.12116433,0.0100970275
"1989-04-28",39,0.013794004,0.00110687140724126,0.115249541807745,0.048875751,0.00135823862986275,0.12766700262148,0.119336318,0.00994469316666667
"1989-05-31",40,0.021676917,0.00100260835960149,0.109687284200211,0.034534345,0.00124090935821452,0.122028325804193,0.116250089,0.00968750741666667
"1989-06-30",41,0.014327435,0.000899248405762185,0.103879646077305,-0.007956189,0.00140978092774503,0.130066794889935,0.114747234,0.0095622695
"1989-07-31",42,0.054309354,0.0011371842395758,0.116816997371571,0.084681474,0.00160975434109704,0.138985798170764,0.113133545,0.00942779541666667
"1989-08-28",43,-0.000680188,0.00116995695857868,0.118488326441655,0.017216863,0.00128592751905485,0.124222100403504,0.118050862,0.00983757183333333
"1989-09-29",44,-0.006345503,0.00130975971618525,0.125367924901958,-0.008385195,0.00145003821607437,0.131910797863149,0.1193238,0.00994365
"1989-10-31",45,-0.006207433,0.00138471092723438,0.128905124517269,-0.025497748,0.00192538771927067,0.152002146798155,0.116439257,0.00970327141666667
"1989-11-30",46,0.006156654,0.00118241299986314,0.119117404263011,0.016405992,0.00144681372515334,0.131764049352773,0.119495644,0.00995797033333333
"1989-12-29",47,0.006824637,0.00106907672540531,0.113264825541135,0.021190687,0.00121490902537215,0.120743150134762,0.117462408,0.009788534
"1990-01-31",48,-0.069194555,0.00359552473625266,0.207716866996958,-0.071299678,0.00330100189151847,0.199027693294731,0.116601049,0.00971675408333333
"1990-02-28",49,-0.004789415,0.00231950799907038,0.166835535749565,0.008502706,0.00220959583867943,0.1628347323643,0.126201752,0.0105168126666667
"1990-03-30",50,-0.012885557,0.00201995305244036,0.155690194390284,0.023965543,0.00163075903017419,0.139889629215644,0.132235716,0.011019643
"1990-04-30",51,-0.085605963,0.00461961611820691,0.235447220027086,-0.027255168,0.00210551998180424,0.158953577442129,0.131999516,0.0109999596666667
"1990-05-31",52,0.069681086,0.00277156371318315,0.182369856495523,0.088000911,0.00201335632952718,0.155435761503993,0.13212153,0.0110101275
"1990-06-29",53,-0.010693605,0.00216691082019922,0.161254239765628,-0.008926024,0.00191885099083318,0.151743902315705,0.130234895,0.0108529079166667
"1990-07-31",54,0.00484172,0.00159192466872789,0.138213950181357,-0.00523686,0.00178954057964044,0.146541758402461,0.124517546,0.0103764621666667
"1990-08-31",55,-0.062214264,0.0033222767021735,0.199668025547612,-0.099062825,0.00488427227990434,0.242097640134827,0.120900403,0.0100750335833333
"1990-09-28",56,-0.057473022,0.00367932810854047,0.210123623856257,-0.052540678,0.0043830368190479,0.229339141510068,0.119076127,0.00992301058333333
"1990-10-31",57,-0.025030531,0.00282674994946543,0.184176544091763,-0.006720786,0.0029968332914265,0.18963649305215,0.117528742,0.00979406183333333
"1990-11-30",58,0.022368182,0.00176440151035717,0.145508824901743,0.058206841,0.00224175210213915,0.164015320094404,0.114168458,0.00951403816666667
"1990-12-31",59,0.033025309,0.00140952524685466,0.130054999758779,0.024524557,0.00165628974411468,0.140980413282754,0.10989738,0.009158115
"1991-01-31",60,0.004931314,0.00120696316602607,0.12034765470217,0.040679049,0.00145257474246509,0.132026122072797,0.101751143,0.00847926191666667
"1991-02-28",61,0.056285485,0.00133354762020918,0.126501270517375,0.065114417,0.00150167315413385,0.13423888352339,0.09660621,0.0080505175
"1991-03-28",62,0.009571622,0.00107135288140492,0.113385336692445,0.021959955,0.00126093472075533,0.12300901043852,0.095158436,0.00792986966666667
"1991-04-30",63,-0.007724817,0.00124327743908112,0.12214470626668,0.000346403,0.00124398669109099,0.122179541221482,0.089783893,0.00748199108333333
"1991-05-31",64,0.022039643,0.00109354767606409,0.114553795715241,0.037851823,0.00120743293102413,0.120371072821877,0.087556324,0.00729636033333333
"1991-06-28",65,-0.020826376,0.00154463958900957,0.136145786082841,-0.04907751,0.00235412001409499,0.168075697735097,0.086497739,0.00720814491666667
"1991-07-31",66,0.021534439,0.00124031355074879,0.121999027082127,0.043882292,0.00185124437021537,0.149046745830241,0.085433198,0.00711943316666667
"1991-08-30",67,-0.006149561,0.0012883674318544,0.124339893768061,0.019458251,0.00144116514996211,0.131506584624289,0.083990603,0.00699921691666667
"1991-09-30",68,-0.037653961,0.00212347430159485,0.15962985816926,-0.019329331,0.0017133128070428,0.143386727713947,0.079201907,0.00660015891666667
"1991-10-31",69,0.037056878,0.00162080405674564,0.1394619972643,0.011790171,0.00132708121100708,0.126194193733646,0.074429265,0.00620243875
"1991-11-29",70,-0.019327755,0.00175307341532807,0.145040963123998,-0.044922101,0.00226558585369247,0.164884899988779,0.072955541,0.00607962841666667
"1991-12-31",71,0.018360183,0.00132199152494266,0.125951968223256,0.105789505,0.00228012392293428,0.165413080121287,0.069351031,0.00577925258333333
"1992-01-31",72,0.023550416,0.00115630887483552,0.117795188772828,-0.020100449,0.00219041833636263,0.162126555617368,0.070952386,0.00591269883333333
"1992-02-28",73,-0.003956594,0.00117603724375876,0.118795820318331,0.00951936,0.00158860767477676,0.138069881209919,0.072141026,0.00601175216666667
"1992-03-31",74,-0.048565392,0.00242748410511771,0.170674571220825,-0.02207368,0.00184255662557041,0.14869660220343,0.072376987,0.00603141558333333
"1992-04-30",75,-0.016697345,0.00205003835255061,0.156845338568308,0.027510774,0.0014913530398061,0.133776815919924,0.067542649,0.00562855408333333
"1992-05-29",76,0.00957961,0.00139293486042507,0.129287347892595,0.000963507,0.0013372440394861,0.12667647166634,0.059900215,0.00499168458333333
"1992-06-30",77,-5.9e-05,0.00121313831734964,0.120655127566945,-0.017511285,0.00156756639296764,0.137152457927708,0.054244886,0.00452040716666667
"1992-07-31",78,0.016308116,0.0010588488621248,0.112721720823884,0.038618363,0.00141919193877928,0.130500204081646,0.049306633,0.00410888608333333
"1992-08-31",79,-0.011831346,0.00124208088495138,0.12208591491002,-0.024290181,0.00174434404199721,0.144679399030983,0.048845496,0.004070458
"1992-09-30",80,-0.031342108,0.00182020222761359,0.147791835807541,0.009064414,0.00134246455144518,0.126923499074609,0.068834315,0.00573619291666667
"1992-10-30",81,0.011516617,0.00130639243420316,0.125206665998412,0.002104056,0.00123057694250514,0.121519230206835,0.058569227,0.00488076891666667
"1992-11-30",82,-0.016105758,0.00148828622830311,0.13363919612014,0.029812921,0.00116709713395342,0.118343422324356,0.075058946,0.00625491216666667
"1992-12-31",83,0.020382981,0.00121204918715479,0.120600954581037,0.010057059,0.00101230457487839,0.110216400315655,0.069095485,0.00575795708333333
"1993-01-29",84,-0.013491965,0.00139889672385366,0.129563732140765,0.007021264,0.000947446830665829,0.106627210260749,0.064688707,0.00539072558333333
"1993-02-26",85,0.043279101,0.00134856737721018,0.12721166820116,0.010429042,0.000883181607926762,0.102947458905605,0.059760182,0.00498001516666667
"1993-03-31",86,0.042733414,0.00132225133671214,0.125964344322295,0.018524635,0.000885162617049577,0.103062851719691,0.05600543,0.00466711916666667
"1993-04-30",87,0.050607407,0.00137706386913979,0.128548692835351,-0.025745373,0.00142814811725725,0.13091133414295,0.054035469,0.00450295575
"1993-05-31",88,0.024297388,0.00119844770950671,0.119922360359028,0.022463264,0.00124259370421224,0.122111115180179,0.051388518,0.0042823765
"1993-06-30",89,0.0213538,0.00108803188805961,0.114264529302471,0.000754952,0.00116691343878571,0.118334108630726,0.047199485,0.00393329041666667
"1993-07-30",90,0.000201686,0.00102735450589333,0.111032671186097,-0.005341299,0.00121177723994194,0.120587424217052,0.043898869,0.00365823908333333
"1993-08-31",91,0.042055389,0.00115737361118352,0.117849409562383,0.033852458,0.00118682113323085,0.119339237465178,0.048147638,0.00401230316666667
"1993-09-30",92,-0.036174313,0.00191887693474242,0.151744928142291,-0.010038133,0.00130793697774321,0.125280659851864,0.050217672,0.004184806
"1993-10-29",93,0.064270644,0.00178461158059488,0.146339806502327,0.019207289,0.00115632080927329,0.117795796662188,0.044193304,0.00368277533333333
"1993-11-30",94,-0.017853125,0.00173858832545836,0.144440506456812,-0.01299474,0.00133584748014244,0.126610306696214,0.041251256,0.00343760466666667
"1993-12-31",95,0.033220262,0.00144598608025065,0.131726356371866,0.010040591,0.00112611098395126,0.116246857193711,0.037839957,0.00315332975
"1994-01-31",96,0.052624154,0.00146935259913303,0.132786411916266,0.031983824,0.00112592566135639,0.116237291504391,0.035149189,0.00292909908333333
"1994-02-28",97,-0.029204544,0.00184466853031784,0.148781794463617,-0.030505659,0.00166692065227408,0.141432131523529,0.040059853,0.00333832108333333
"1994-03-31",98,-0.02152383,0.00184335945500354,0.148728993340379,-0.046825875,0.00244221120377794,0.171191513940777,0.057897386,0.00482478216666667
"1994-04-29",99,-0.014540719,0.0017177195829678,0.143571010289729,0.011464639,0.00170298968032627,0.142954105096409,0.061656686,0.00513805716666667
"1994-05-31",100,0.013893731,0.00128120011185332,0.123993553631791,0.012320937,0.00133283261465375,0.126467353004026,0.064358805,0.00536323375
"1994-06-30",101,-0.072228739,0.00351321293415291,0.205325486021183,-0.027156214,0.00178209524871582,0.146236599333374,0.068231986,0.00568599883333333
"1994-07-29",102,0.037472529,0.0021655520114044,0.161203672839215,0.031004223,0.00148262206696409,0.133384649804875,0.063068108,0.00525567566666667
"1994-08-31",103,0.039988912,0.00167290573074532,0.14168581004795,0.036909143,0.0013556413192534,0.127544877713849,0.057701308,0.00480844233333333
"1994-09-30",104,0.001080045,0.00132719738226104,0.126199717064392,-0.027288568,0.00178700038465753,0.146437715824477,0.056060382,0.0046716985
"1994-10-31",105,-0.014457971,0.00145789520773586,0.132267692551244,0.020662953,0.00142880123544506,0.130941264792046,0.058079315,0.00483994291666667
"1994-11-30",106,-0.047307074,0.00245197456366843,0.171533363413714,-0.040306091,0.00215953287227206,0.160979484616099,0.064693152,0.005391096
"1994-12-30",107,0.028941516,0.00170219421049332,0.14292071412472,0.012224127,0.00156611148912667,0.13708879556521,0.075920164,0.00632668033333333
"1995-01-31",108,-0.047657594,0.00261684030388382,0.177206330718194,0.02398764,0.00131858167021965,0.125789427388139,0.080305508,0.00669212566666667
"1995-02-28",109,0.026357668,0.00173749302535445,0.144395000966978,0.035438711,0.00124233798141276,0.122098549446556,0.074907269,0.00624227241666667
"1995-03-31",110,0.044755359,0.00151536046947447,0.134849270052506,0.026962467,0.00114979565381021,0.117462963719304,0.080510231,0.00670918591666667
"1995-04-28",111,-0.007936665,0.0014592434253503,0.132328837009185,0.027576544,0.00109454283995752,0.114605907698906,0.077055157,0.00642126308333333
"1995-05-31",112,0.038753282,0.00133391074226105,0.126518492352433,0.035667976,0.00110861547808153,0.115340304044069,0.070960014,0.0059133345
"1995-06-30",113,0.017514228,0.00111886952284685,0.115872491447117,0.021055362,0.00103732299316591,0.111570049377021,0.066846214,0.00557051783333333
"1995-07-28",114,0.018015701,0.00101387198594052,0.110301694598434,0.032828313,0.00106075514887209,0.112823143842321,0.063140521,0.00526171008333333
"1995-08-31",115,-0.020337709,0.00143633114280932,0.13128584734735,-0.001866983,0.00110630010181571,0.115219795268819,0.064703503,0.00539195858333333
"1995-09-29",116,0.002896063,0.00119029672211817,0.1195138513538,0.039314487,0.00114389651082395,0.117161248413831,0.06463716,0.00538643
"1995-10-31",117,-0.015708324,0.00142831834631657,0.130919135941996,-0.004991819,0.00121535805948253,0.120765461593083,0.059600711,0.00496672591666667
"1995-11-30",118,0.044303546,0.00137498120330817,0.128451447791366,0.040228869,0.00121975328011549,0.120983632617747,0.057297696,0.004774808
"1995-12-29",119,0.011157764,0.00110367102151403,0.115082806092693,0.017293479,0.00109031955293156,0.114384590899206,0.054862495,0.00457187458333333
"1996-01-31",120,0.052667105,0.00128095421172082,0.123981654048693,0.032096689,0.00109587415728177,0.114675585402392,0.049953832,0.00416281933333333
"1996-02-29",121,-0.007008584,0.00126871648085674,0.123387996864691,0.006909816,0.000980683254319182,0.108481330429849,0.050962613,0.00424688441666667
"1996-03-29",122,0.007491501,0.00103011307427759,0.111181639182606,0.007885385,0.000897194038829378,0.103760919743189,0.050231779,0.00418598158333333
"1996-04-30",123,0.034736118,0.00109677501652077,0.114722710037068,0.013342046,0.000871664451552033,0.102274011452687,0.047078647,0.00392322058333333
"1996-05-31",124,0.019225236,0.00102172330909305,0.110727953603039,0.02259616,0.000904732591318311,0.104195926483811,0.047418773,0.00395156441666667
"1996-06-27",125,-0.045786863,0.00218075363793182,0.161768487831165,-0.000852228,0.000963333932791119,0.107517473898401,0.046927078,0.00391058983333333
"1996-07-31",126,-0.016578502,0.00189426460379304,0.15076861492206,-0.04372114,0.00193094772428698,0.152221459365767,0.04431699,0.0036930825
"1996-08-30",127,0.042537578,0.0015889213044227,0.138083509707251,0.018639176,0.00149823880305817,0.134085292395169,0.040516849,0.00337640408333333
"1996-09-30",128,0.028311862,0.00133913563502438,0.126766034963205,0.052756203,0.00147887219873737,0.133215863863312,0.037099742,0.00309164516666667
"1996-10-31",129,0.056526072,0.00145108376426794,0.1319583463492,0.025795281,0.00129928094772659,0.124865413036273,0.030399275,0.00253327291666667
"1996-11-29",130,0.071986714,0.00165659140056733,0.140993250926447,0.070808965,0.00149232754276627,0.133820516039938,0.026068131,0.00217234425
"1996-12-31",131,-0.015020786,0.00158213262194128,0.137788212352492,-0.021739987,0.00169427139110668,0.14258771578674,0.028773898,0.00239782483333333
"1997-01-31",132,0.030343138,0.0013589091341515,0.127698510601408,0.059510648,0.00164354467571311,0.140436947092128,0.028565856,0.002380488
"1997-02-28",133,0.007858219,0.00108972265308171,0.114353276459315,0.005910048,0.0012960921224618,0.124712090310208,0.028897713,0.00240814275
"1997-03-31",134,-0.051243657,0.00235810321962653,0.168217830908374,-0.04354862,0.00209869737082773,0.158695836271569,0.033216674,0.00276805616666667
"1997-04-30",135,0.021375979,0.00162653754848992,0.139708448498575,0.056763565,0.00184008106402649,0.14859667818736,0.032882628,0.002740219
"1997-05-30",136,0.065645351,0.00167756405526958,0.141882940000674,0.056925444,0.0017035593858272,0.142978014498476,0.031157504,0.00259645866666667
"1997-06-30",137,0.008674152,0.00124446780822436,0.122203165665593,0.042535055,0.00153254016701095,0.135611511326035,0.033010855,0.00275090458333333
"1997-07-31",138,0.066112958,0.00149453194516005,0.133919316537685,0.075221784,0.00166226162277256,0.14123434240039,0.034348388,0.00286236566666667
"1997-08-29",139,-0.03942842,0.0021451084677422,0.160440959897734,-0.059161908,0.00280020275369152,0.183309664350514,0.034880461,0.00290670508333333
"1997-09-30",140,0.062780705,0.00188085413274675,0.150233982816675,0.051789019,0.00215266220200987,0.160723198151724,0.034681724,0.00289014366666667
"1997-10-31",141,-0.028498074,0.00202020033530731,0.155699723903698,-0.035086042,0.00239986096279317,0.169700711705986,0.037705845,0.00314215375
"1997-11-28",142,-0.049369092,0.00269568795214925,0.179856207637632,0.043621422,0.00189968212615206,0.15098405715116,0.041411567,0.00345096391666667
"1997-12-31",143,0.028248514,0.001807935091941,0.147292977101055,0.015609171,0.00146540736232983,0.132608025201938,0.045282944,0.00377357866666667
"1998-01-30",144,0.00011945,0.00138893508272504,0.129101591751227,0.010098973,0.00119811164364062,0.119905545008091,0.047918137,0.00399317808333333
"1998-02-27",145,0.056900482,0.00147136095393497,0.132877129135227,0.068078429,0.00139961230655376,0.129596866006262,0.048611502,0.0040509585
"1998-03-31",146,0.06363487,0.00157251481916684,0.137368765845814,0.04873843,0.00139016724152135,0.129158843670328,0.047276935,0.00393974458333333
"1998-04-30",147,0.013991755,0.00122337844789791,0.121163283938555,0.009035526,0.00114900411598738,0.117422525061628,0.049206487,0.00410054058333333
"1998-05-29",148,-0.009859297,0.00129313540498432,0.12456975901001,-0.019005643,0.00145618116116699,0.132189916158548,0.049599344,0.00413327866666667
"1998-06-30",149,-0.029808235,0.00180509840541151,0.147177378917203,0.038680395,0.00135842109152631,0.127675577532728,0.05027725,0.00418977083333333
"1998-07-31",150,-0.060935181,0.00306993043625817,0.191935315236926,-0.011683381,0.0014518634037154,0.131993790931941,0.052689035,0.00439075291666667
"1998-08-31",151,-0.225747374,0.0179956065206414,0.464701278508782,-0.15758607,0.0093007203324549,0.334078799072103,0.057060311,0.00475502591666667
"1998-09-30",152,0.014966883,0.0054952184607788,0.256792954594447,0.060526299,0.00469599743646372,0.237385697205128,0.050262029,0.00418850241666667
"1998-10-30",153,0.100605767,0.00341347637007671,0.202390010724148,0.077233407,0.00316922396598009,0.195014583023324,0.048463457,0.00403862141666667
"1998-11-30",154,0.021606631,0.00201653995693139,0.155558604658105,0.057444072,0.00235768325952338,0.168202851088442,0.049492076,0.00412433966666667
"1998-12-31",155,0.022136869,0.00147958280461261,0.133247865481408,0.054843528,0.00194959276337738,0.152954611439239,0.048905857,0.00407548808333333
"1999-01-29",156,0.036885146,0.0013476006833687,0.127166065443673,0.040190831,0.00164038565470096,0.140301916795215,0.049238619,0.00410321825
"1999-02-23",157,-0.041707143,0.00218846603846794,0.16205428862457,-0.006633185,0.00152954476751163,0.135478917954564,0.050705165,0.00422543041666667
"1999-03-31",158,0.021927653,0.00155001277850039,0.136382379147765,0.011878695,0.00124114176607965,0.12203975251104,0.04804281,0.0040035675
"1999-04-30",159,0.061271744,0.00158923976635017,0.138097346810871,0.037241816,0.001223078262227,0.121148417846557,0.046798634,0.00389988616666667
"1999-05-31",160,-0.024957149,0.00181913432744207,0.147748475218206,-0.025287466,0.00163495344610206,0.140069416195059,0.047610754,0.00396756283333333
"1999-06-30",161,0.024301154,0.00141031959625363,0.130091641372701,0.05300824,0.00155467028179447,0.136587127437155,0.04727375,0.00393947916666667
"1999-07-30",162,0.01006316,0.00111917893686469,0.115888512124267,-0.032570815,0.00201602062193015,0.155538572267981,0.049445734,0.00412047783333333
"1999-08-31",163,-0.015685173,0.00135991613653754,0.127745816520348,-0.006273778,0.00173629280038543,0.144345119781118,0.049871924,0.00415599366666667
"1999-09-30",164,-0.00188098,0.00121389389712407,0.120692695576364,-0.028967267,0.00204519293697793,0.156659871197876,0.047911128,0.003992594
"1999-10-29",165,0.042007315,0.00125510740111476,0.122724442607726,0.060661767,0.00183093871710192,0.148227071094396,0.049871261,0.00415593841666667
"1999-11-30",166,0.036135303,0.00122850410097374,0.121416840725185,0.018882473,0.00144458444662927,0.131662497923863,0.049882563,0.00415688025
"1999-12-31",167,0.111881587,0.00197699873082189,0.154025922395753,0.0562328,0.00146576438222432,0.132624177986866,0.051143223,0.00426193525
"2000-01-31",168,0.00796692,0.00136020841104614,0.127759543410869,-0.052244823,0.00251199552707427,0.173620120737463,0.052901113,0.00440842608333333
"2000-02-29",169,0.073616047,0.00160960949762891,0.138979545155202,-0.020313063,0.0022886153991978,0.165720803734394,0.052002299,0.00433352491666667
"2000-03-31",170,0.035869932,0.00139983949470506,0.129607383803782,0.092323812,0.00219551699562794,0.162315137764582,0.054128571,0.00451071425
"2000-04-28",171,-0.012206508,0.00144374871290075,0.13162440713944,-0.031279977,0.00237055922286726,0.168661526953858,0.056325727,0.00469381058333333
"2000-05-31",172,-0.01027984,0.00142981966584587,0.130987923069841,-0.022158698,0.00226032882266549,0.164693490678854,0.057817007,0.00481808391666667
"2000-06-30",173,0.097106702,0.0018862967355305,0.150451190843961,0.023651631,0.00168918287574486,0.142373433297573,0.057371403,0.00478095025
"2000-07-31",174,0.020464927,0.0014058256613994,0.129884209728484,-0.016476253,0.00175908493379279,0.145289432532148,0.057369489,0.00478079075
"2000-08-31",175,0.077770106,0.00166963157339705,0.141547090682799,0.058928158,0.00165888377445096,0.141090769696006,0.057053369,0.00475444741666667
"2000-09-29",176,-0.080502897,0.00396280295811563,0.218067960731024,-0.054966292,0.00272428093119668,0.180807552868679,0.056748183,0.00472901525
"2000-10-31",177,-0.073799009,0.00427810601772606,0.226577298537856,-0.004961785,0.00209215108934807,0.158448140008575,0.057178315,0.00476485958333333
"2000-11-30",178,-0.088868997,0.00496285848562214,0.244037500863014,-0.083456134,0.00398301216601447,0.218623297002341,0.056780555,0.00473171291666667
"2000-12-29",179,0.012820088,0.00244979555745533,0.171457127846771,0.004045193,0.00250312895701253,0.173313437113659,0.054474669,0.00453955575
"2001-01-31",180,0.042535848,0.00181700489198937,0.147661974468285,0.034050246,0.0018768927169946,0.150075689583407,0.049956097,0.00416300808333333
"2001-02-28",181,-0.14313552,0.00885508559900034,0.325977034755524,-0.09683109,0.00447142428756602,0.231640003994976,0.047971205,0.00399760041666667
"2001-03-30",182,-0.060030667,0.00514993814991877,0.248594565103554,-0.066358544,0.0044412865689533,0.230858049085232,0.045522944,0.00379357866666667
"2001-04-30",183,0.043543851,0.00276869027740465,0.182275295443063,0.074007011,0.00304126916003423,0.191037247468683,0.043523251,0.00362693758333333
"2001-05-31",184,0.026732796,0.00182280969662833,0.147897655017042,0.005077288,0.00204160891676056,0.156522544705633,0.042891179,0.00357426491666667
"2001-06-29",185,-0.053540523,0.00277504674132719,0.182484412747846,-0.025321483,0.00212529671751796,0.159698342540602,0.042964384,0.00358036533333333
"2001-07-31",186,-0.006054654,0.00191210487656447,0.151476924047109,-0.01083089,0.00187145846637304,0.14985827169855,0.038850641,0.00323755341666667
"2001-08-31",187,-0.038509884,0.00231685763624219,0.166740192020119,-0.066255606,0.00316479315892764,0.194878213012978,0.035182776,0.002931898
"2001-09-28",188,-0.078788866,0.0039253941865589,0.217036241763229,-0.085256615,0.0044677472288737,0.231544740269531,0.027459906,0.0022883255
"2001-10-31",189,0.006863779,0.00209247712474339,0.15846048560105,0.017937188,0.0026445552252389,0.178142254119753,0.019493304,0.001624442
"2001-11-30",190,0.075500157,0.00199109710505973,0.154574141630212,0.07248435,0.00223999895736781,0.163951174098918,0.01813432,0.00151119333333333
"2001-12-31",191,0.034765704,0.00158616133302003,0.137963531399571,0.007545292,0.00160118226526204,0.138615248739612,0.016288365,0.00135736375
"2002-01-31",192,-0.005203137,0.00133680771842895,0.126655803740482,-0.015696374,0.00162352185112978,0.139578874524612,0.017950812,0.001495901
"2002-02-28",193,-0.001439226,0.00114724454352137,0.117332580821596,-0.020984887,0.00174481920137214,0.144699103025782,0.018864429,0.00157203575
"2002-03-28",194,0.027634272,0.00112651937240945,0.116267933966822,0.036080076,0.00152013253249893,0.135061431911509,0.024427234,0.00203560283333333
"2002-04-30",195,-0.02424886,0.00151646260748919,0.134898299803482,-0.063384683,0.00283504800151386,0.184446675270026,0.024723773,0.00206031441666667
"2002-05-31",196,-0.000953008,0.00123906041946105,0.121937381608482,-0.009122942,0.00217554706959044,0.161575260591111,0.026897137,0.00224142808333333
"2002-06-28",197,-0.069005932,0.00317980162782115,0.195339754105133,-0.075224446,0.00360405565210412,0.207963140544784,0.027202295,0.00226685791666667
"2002-07-31",198,-0.078609315,0.00413505692693427,0.222757004655771,-0.082289769,0.00453197229291616,0.233203060689593,0.025961341,0.00216344508333333
"2002-08-30",199,0.000998698,0.00223710865053346,0.163845365532265,0.004869544,0.00267071151163202,0.179021055017515,0.028107897,0.00234232475
"2002-09-30",200,-0.067503202,0.00340196924663452,0.202048585641212,-0.116561168,0.00562506269901789,0.259809069103091,0.025932491,0.00216104091666667
"2002-10-31",201,0.011006436,0.0019457686798855,0.152804529247748,0.082914421,0.00360311863878688,0.207936104766446,0.025550682,0.0021292235
"2002-11-29",202,0.050185284,0.00168938888239772,0.142382114708178,0.055500585,0.00255232955676436,0.175008441742598,0.026464268,0.00220535566666667
"2002-12-31",203,0.00668951,0.00123897190937889,0.121933026340474,-0.062229277,0.00335271746206722,0.200580680886287,0.024869026,0.00207241883333333
"2003-01-31",204,-0.006826483,0.00120282661861113,0.120141247801634,-0.027797494,0.00282381074590176,0.184080767465863,0.028285404,0.002357117
"2003-02-28",205,-0.002194339,0.00110460181132889,0.115131323869513,-0.017149844,0.00233729582040424,0.167474027373951,0.029099932,0.00242499433333333
"2003-03-31",206,-0.032844281,0.00174496684299099,0.14470522490875,0.008322874,0.00164791021982709,0.140623336036111,0.031350679,0.00261255658333333
"2003-04-30",207,0.037562275,0.00148986713614403,0.133710155312633,0.07792735,0.00175001220452602,0.144914272776398,0.031616546,0.00263471216666667
"2003-05-30",208,0.040716876,0.00139489226703978,0.129378155824225,0.049645665,0.00160504916438702,0.138782527620173,0.030351007,0.00252925058333333
"2003-06-30",209,0.0178147,0.00117486656099446,0.118736678124047,0.011258626,0.00128866498692948,0.124354251407637,0.028109283,0.00234244025
"2003-07-29",210,0.034386387,0.00118697962552421,0.11934720569117,0.015052887,0.00113213162458659,0.116557194093883,0.025312048,0.00210933733333333
"2003-08-29",211,0.038396041,0.00122698044448571,0.121341523535138,0.018755963,0.00106006247312319,0.112786300930025,0.025848228,0.002154019
"2003-09-30",212,-0.011948078,0.00129798131313854,0.124802947712233,-0.012016233,0.00122523732896651,0.121255300698972,0.023637636,0.001969803
"2003-10-31",213,0.046290312,0.00135092746236022,0.127322934101923,0.053504268,0.00133008041900201,0.126336712906519,0.02481745,0.00206812083333333
"2003-11-28",214,0.011092636,0.00110966539137297,0.115394907584675,0.007103225,0.00111434265941398,0.115637848099002,0.025109455,0.00209245458333333
"2003-12-31",215,0.044969485,0.00123964937070998,0.121966357855434,0.049518899,0.001233561486261,0.121666502518696,0.02357623,0.00196468583333333
"2004-01-30",216,0.035900953,0.00123587323486864,0.1217804533512,0.017128882,0.00111317078265323,0.115577027959014,0.020633772,0.001719481
"2004-02-27",217,0.030863356,0.00119657100617314,0.119828427654199,0.012135101,0.00101456798528478,0.110339547866653,0.018905104,0.00157542533333333
"2004-03-31",218,-0.02332268,0.00152080371583728,0.135091245423408,-0.016494221,0.00126533278530268,0.12322334772125,0.017177865,0.00143148875
"2004-04-30",219,-0.040635705,0.00215048180828068,0.160641780677905,-0.016933393,0.00143943319543238,0.131427540284327,0.017931686,0.00149430716666667
"2004-05-31",220,0.020803426,0.00154616178757431,0.136212853471659,0.012011024,0.00120672893579657,0.12033597645575,0.020122842,0.0016769035
"2004-06-30",221,0.015127396,0.00123481926491206,0.121728514239453,0.017829189,0.00110261140257579,0.115027548139172,0.021077658,0.0017564715
"2004-07-30",222,-0.010291969,0.00126112510101295,0.123018296249604,-0.034892238,0.00172862833655822,0.144026178310398,0.021721972,0.00181016433333333
"2004-08-31",223,-0.009634661,0.00126345009542322,0.123131641526777,0.002284721,0.00139118949056934,0.129206322936736,0.022279853,0.00185665441666667
"2004-09-30",224,0.034182815,0.001235529481222,0.121763515778184,0.009320337,0.00116247460959784,0.118108828269415,0.025281541,0.00210679508333333
"2004-10-29",225,0.023114859,0.0011355766417949,0.116734398107579,0.013916956,0.00105205898264934,0.112359724954238,0.02631224,0.00219268666666667
"2004-11-30",226,0.017775869,0.00104444730106871,0.111952523923423,0.037868779,0.00112005332143372,0.115933773583045,0.024841387,0.00207011558333333
"2004-12-31",227,0.023703354,0.0010381245068235,0.111613144754021,0.031942491,0.00112830078168037,0.116359827174865,0.024336619,0.00202805158333333
"2005-01-31",228,-0.004617758,0.00105001805001245,0.112250686412821,-0.025615748,0.00153757815676074,0.135834229416333,0.024038651,0.00200322091666667
"2005-02-28",229,0.049203478,0.00124384432192857,0.122172549548345,0.018726935,0.00129723095213687,0.124766868301014,0.024551419,0.00204595158333333
"2005-03-31",230,-0.0057985,0.00118582738977354,0.119289264719347,-0.019302752,0.00151853815925849,0.134990584527595,0.026076969,0.00217308075
"2005-04-29",231,-0.025615606,0.00158640232267673,0.137974011582329,-0.020313519,0.00168105559999969,0.142030515031089,0.02504621,0.00208718416666667
"2005-05-31",232,0.02508484,0.00132335437759912,0.12601687399388,0.029512223,0.00144074343224381,0.131487342306876,0.024517596,0.002043133
"2005-06-30",233,0.03029432,0.00123461548427058,0.121718469474632,-0.000142687,0.0012670991716082,0.123309326732808,0.024815861,0.00206798841666667
"2005-07-29",234,0.05118782,0.00135941497155622,0.127722275499126,0.035336452,0.0012389644356643,0.121932658578297,0.027036732,0.002253061
"2005-08-31",235,0.023327658,0.00119901317033458,0.119950648368464,-0.011285468,0.00133274675358594,0.126463279425417,0.027554503,0.00229620858333333
"2005-09-30",236,0.031634404,0.00117879151736024,0.118934848586623,0.006924907,0.00111369627901604,0.115604305059079,0.030428828,0.00253573566666667
"2005-10-31",237,-0.05876868,0.00270426269444352,0.180142033777023,-0.017899994,0.00137895915862047,0.128637124903527,0.033086346,0.0027571955
"2005-11-30",238,0.041576366,0.0019247456277103,0.151976799323198,0.034581238,0.00129661658116871,0.124737319892743,0.03555613,0.00296301083333333
"2005-12-30",239,0.040573278,0.00159230874969276,0.138230622498465,-0.00095285,0.00120679329297229,0.120339185287534,0.036823746,0.0030686455
"2006-01-31",240,0.058014605,0.00158840697008465,0.138061159060091,0.025147961,0.00113619368711422,0.116766109147178,0.037057183,0.00308809858333333
"2006-02-28",241,-0.021774652,0.00172139446589905,0.143724505881178,0.000452994,0.00108539329651573,0.114125893460637,0.038624335,0.00321869458333333
"2006-03-31",242,0.035492745,0.00145769999424067,0.132258836872581,0.011003842,0.000983618033226289,0.108643529023663,0.039622379,0.00330186491666667
"2006-04-28",243,0.007699101,0.00113047122820704,0.116471690717034,0.012113265,0.000925467459770307,0.105383155756713,0.040992364,0.00341603033333333
"2006-05-31",244,-0.038395125,0.00195669590309099,0.153232995262417,-0.031404914,0.0015609476416458,0.136862601538001,0.042231666,0.0035193055
"2006-06-30",245,-0.011268463,0.00167206694775687,0.141650285467705,8.66e-05,0.0013581418541139,0.127662454344912,0.04405907,0.00367158916666667
"2006-07-31",246,0.018606622,0.00130410346398762,0.125096928690721,0.005072924,0.00116241847934085,0.118105976783947,0.042561769,0.00354681408333333
"2006-08-31",247,0.020314594,0.00114012170323035,0.116967775215075,0.021051125,0.00108334252097546,0.114018025994601,0.041848099,0.00348734158333333
"2006-09-29",248,-0.026223336,0.00161120856266822,0.139048562567251,0.024269376,0.00105290862282069,0.112405086512348,0.04161946,0.00346828833333333
"2006-10-31",249,0.048404225,0.00151004258197269,0.134612447357859,0.031021837,0.00107239612507163,0.113440528475759,0.042063355,0.00350527958333333
"2006-11-30",250,0.032500831,0.00133256096757078,0.126454464574602,0.016332505,0.00100236333555573,0.109673880330135,0.041580091,0.00346500758333333
"2006-12-29",251,0.012158773,0.00109830349458815,0.114802621638435,0.012536836,0.000938673037987816,0.106132353483063,0.042423647,0.00353530391666667
"2007-01-31",252,0.009690678,0.000960873752081046,0.107380096037266,0.013961173,0.000905106277949783,0.104217442567919,0.04276495,0.00356374583333333
"2007-02-28",253,0.000835948,0.000937673524234219,0.106075832736824,-0.022088306,0.00133836360090044,0.126729488323773,0.042019392,0.003501616
"2007-03-30",254,0.009194853,0.000869784649650273,0.102163671604946,0.009930484,0.00112661682921014,0.116272963110612,0.04206247,0.00350520583333333
"2007-04-30",255,0.018900442,0.000894841543099196,0.10362479682581,0.042379836,0.00118701884364691,0.119349177306603,0.042626506,0.00355220883333333
"2007-05-31",256,0.046606036,0.00112022414868323,0.115942614185634,0.032030724,0.00116147374492868,0.118057972789406,0.045059824,0.00375498533333333
"2007-06-29",257,-0.010742731,0.00124709409033891,0.12233204438767,-0.017976931,0.00143683438348936,0.13130884433987,0.04586386,0.00382198833333333
"2007-07-31",258,-0.002736256,0.00116406633338177,0.118189661140818,-0.032504501,0.00193844085449688,0.152516524527549,0.046618054,0.00388483783333333
"2007-08-31",259,-0.015118807,0.00136714300120409,0.128084800091381,0.012781559,0.00146631031456643,0.132648874005011,0.043104467,0.00359203891666667
"2007-09-28",260,0.031588351,0.00125470724253206,0.122704877288496,0.035168284,0.00134580203831903,0.127081172719756,0.041676436,0.00347303633333333
"2007-10-31",261,0.036635585,0.00123757958799537,0.121864494648542,0.014713558,0.00115724700844296,0.117842963732738,0.042417206,0.00353476716666667
"2007-11-30",262,-0.066132526,0.0031021246612447,0.19293909903111,-0.045042789,0.00208463439346529,0.158163247063227,0.039229045,0.00326908708333333
"2007-12-31",263,0.010464376,0.00182635129495764,0.148041262962364,-0.00866593,0.00180233316373971,0.14706460473165,0.038929659,0.00324413825
"2008-01-31",264,-0.050254756,0.00265044466948787,0.178340505869683,-0.06311391,0.00302072759575307,0.190390995451562,0.033384646,0.00278205383333333
"2008-02-29",265,0.031987452,0.00182524362458649,0.147996363114226,-0.035379708,0.00285966230306906,0.185245641343673,0.02908873,0.00242406083333333
"2008-03-31",266,-0.017273092,0.00171658304585588,0.143523505218729,-0.005977412,0.00213434738093477,0.160038022267264,0.023815567,0.00198463058333333
"2008-04-30",267,0.043023328,0.00152656708352891,0.135346980026696,0.04645094,0.00179251866370601,0.146663642271942,0.026214204,0.002184517
"2008-05-30",268,0.054299833,0.00153177461061841,0.135577635793743,0.010617587,0.00138754110588312,0.129036790376224,0.027113398,0.00225944983333333
"2008-06-30",269,-0.016976814,0.0015650087619034,0.137040523725068,-0.08988355,0.00388100224903819,0.215805530486265,0.028834007,0.00240283391666667
"2008-07-31",270,-0.062322567,0.00297267224864332,0.188870503212439,-0.0099083,0.002686334716934,0.179543912743395,0.026328352,0.00219402933333333
"2008-08-29",271,0.013039076,0.00180600806173363,0.14721445832799,0.012116797,0.00183867397918999,0.14853985239753,0.024607518,0.0020506265
"2008-09-30",272,-0.15848665,0.010527052901665,0.355421770323625,-0.095180787,0.00427718807205285,0.226552989087838,0.021838592,0.00181988266666667
"2008-10-31",273,-0.185520827,0.0107403096796848,0.359003782927447,-0.185636486,0.0101796604001432,0.349508118363106,0.016098186,0.0013415155
"2008-11-28",274,-0.051731164,0.00528713896093551,0.251884234384024,-0.077798346,0.00688584359617353,0.287454558415904,0.013346346,0.0011121955
"2008-12-31",275,-0.030991063,0.00328603551863289,0.198575996091156,0.007791136,0.00349438352016955,0.204774515606886,0.006104556,0.000508713
"2009-01-30",276,-0.033120306,0.00265041867979604,0.178339631483169,-0.089549886,0.00468494805738528,0.237106256114476,0.007014629,0.000584552416666667
"2009-02-27",277,-0.068037148,0.00349320203778549,0.204739894630787,-0.116456544,0.00626480836212088,0.274185521764827,0.004176261,0.00034802175
"2009-03-31",278,0.070965609,0.00250302187730353,0.173309730043187,0.081952736,0.00385446308367259,0.215066401383552,0.001605266,0.000133772166666667
"2009-04-30",279,0.067012343,0.00209389658838004,0.158514223527608,0.089772215,0.00294946102842906,0.188131688827663,-0.00054659,-4.55491666666666e-05
"2009-05-29",280,0.106249131,0.00233655311258845,0.167447416674792,0.051720558,0.00224386295117103,0.164092520896147,-0.000449803999999998,-3.74836666666665e-05
"2009-06-30",281,0.000462838,0.00154536897230351,0.136177926506619,0.000195816,0.00167151175833794,0.141626766891204,-0.000614612,-5.12176666666667e-05
"2009-07-31",282,0.038970799,0.00142937744563707,0.13096766527523,0.071521977,0.00173529776708877,0.144303753260493,-0.000490853999999999,-4.09044999999999e-05
"2009-08-31",283,0.007480848,0.00113785754788153,0.116851574976884,0.033009321,0.00150564830249654,0.134416441070125,-0.000821145999999995,-6.84288333333329e-05
"2009-09-30",284,0.047333551,0.00129338063480928,0.124581570136643,0.035100104,0.00139075613649322,0.129186197551901,-0.000714997999999994,-5.95831666666662e-05
"2009-10-30",285,-0.043421556,0.00208432633111594,0.158151560135812,-0.019959865,0.00154953075131056,0.136361171217201,-0.000550932000000004,-4.59110000000003e-05
"2009-11-30",286,0.047992069,0.00174957558209786,0.144896193825698,0.055779016,0.00155243258721067,0.136488794582295,-0.001643322,-0.0001369435
"2009-12-31",287,0.025776062,0.00142106455738896,0.130586272971808,0.017614547,0.00131150289057939,0.125451323974491,-0.000132642000000002,-1.10535000000002e-05
"2010-01-29",288,-0.057089792,0.00261797220201158,0.177244651327308,-0.037675141,0.0018915205307192,0.150659371990694,-0.00113532399999999,-9.46103333333328e-05
"2010-02-26",289,0.047122093,0.00196219852428403,0.15344830494798,0.028114744,0.00155901136229148,0.136777689509283,-0.000619875000000006,-5.16562500000005e-05
"2010-03-31",290,0.034489869,0.00158387545950797,0.137864083481143,0.057132761,0.00156733248019879,0.137142224578667,0.002361394,0.000196782833333334
"2010-04-30",291,0.014269225,0.00125699019541237,0.122816457956369,0.014651468,0.00130062632648371,0.124930044095904,0.005038166,0.000419847166666666
"2010-05-31",292,-0.037353621,0.00189582398533539,0.150830659429788,-0.085531654,0.0035552908141018,0.206551421610265,0.00571632399999999,0.000476360333333333
"2010-06-30",293,-0.04065195,0.00229178493890671,0.165835518713213,-0.05538838,0.00359014316519234,0.207561359559789,0.004856762,0.000404730166666667
"2010-07-30",294,0.036426457,0.00173616822912337,0.14433994162906,0.066515783,0.00264351298366637,0.178107146976185,0.006670483,0.000555873583333334
"2010-08-31",295,0.0169723,0.00134409580382494,0.127000589155717,-0.048611803,0.00295275269621326,0.188236639245815,0.006727056,0.000560588
"2010-09-30",296,0.037463285,0.00131310826621418,0.125528081298848,0.083928475,0.00248688980417533,0.172750333285074,0.008951117,0.000745926416666667
"2010-10-29",297,0.024557131,0.00119593006613235,0.119796330467958,0.036193001,0.00190848919157768,0.151333639019658,0.008690837,0.000724236416666667
"2010-11-30",298,0.021593497,0.00111395307418405,0.11561763226346,-0.002292909,0.00154777614020779,0.13628394506505,0.009977906,0.000831492166666667
"2010-12-31",299,0.037153685,0.00118819301750353,0.119408191553354,0.063256517,0.00159781748774302,0.138469526802529,0.009966445,0.000830537083333334
"2011-01-31",300,0.008060721,0.00101519619661193,0.110373703205714,0.022392985,0.0013592407146792,0.127714089184202,0.008756287,0.000729690583333333
"2011-02-28",301,0.042225967,0.00117607992639136,0.118797976063131,0.031456595,0.00127833059164927,0.12385462082535,0.009528884,0.000794073666666667
"2011-03-31",302,-0.001444143,0.00105048882495722,0.112275847355906,-0.001047851,0.00116298826469198,0.118134919377396,0.009485522,0.000790460166666666
"2011-04-29",303,-0.012209297,0.00117717647133557,0.118853345161282,0.028096916,0.00113980401389292,0.116951477830402,0.00970304800000001,0.000808587333333334
"2011-05-31",304,-0.010227922,0.00120992465756407,0.120495211069855,-0.013592894,0.00128314150441845,0.124087461304603,0.009026621,0.000752218416666667
"2011-06-30",305,-0.037047012,0.0018729765196605,0.149919038937441,-0.018426233,0.00146667343370352,0.13266529766462,0.009404969,0.000783747416666667
"2011-07-29",306,-0.0270758,0.00192836073861332,0.152119455900157,-0.021708367,0.00164907980227674,0.140673229959793,0.009279866,0.000773322166666666
"2011-08-31",307,-0.013759053,0.00165389659992605,0.140878526394595,-0.058467492,0.00270353761101969,0.180117881767015,0.008316122,0.000693010166666667
"2011-09-30",308,-0.093942175,0.00449535664212276,0.232259078844021,-0.074467128,0.00378174959120274,0.213028155637777,0.007275915,0.00060632625
"2011-10-31",309,0.052642615,0.0026711464178153,0.17903563057052,0.102306592,0.00301973885691626,0.190359833691341,0.008147358,0.0006789465
"2011-11-30",310,-0.00392539,0.00177360205433866,0.145887712478001,-0.005071483,0.00216173305941054,0.161061468740747,0.008576276,0.000714689666666667
"2011-12-30",311,-0.020613996,0.00172873080768843,0.144030447101511,0.008496553,0.00157283391156548,0.137382702473003,0.008702301,0.00072519175
"2012-01-31",312,0.040739397,0.0015236814178839,0.135218996500517,0.042659999,0.00147238945330171,0.13292356239441,0.009056399,0.000754699916666667
"2012-02-29",313,0.015285465,0.00123182122990234,0.121580651251867,0.039787331,0.00139614210510907,0.129436104937181,0.009660419,0.000805034916666666
"2012-03-30",314,-0.020115536,0.00144694280268601,0.131769926888619,0.030851536,0.00129579839836437,0.124697958204505,0.010067162,0.000838930166666666
"2012-04-30",315,-0.008061652,0.00131135894785595,0.125444439391594,-0.007525745,0.0012790746791858,0.123890662078421,0.012089846,0.00100748716666667
"2012-05-31",316,-0.065511386,0.0029726574992693,0.188870034656723,-0.06469925,0.00271278439446755,0.180425643226263,0.010452966,0.0008710805
"2012-06-29",317,0.007217698,0.00177272732547578,0.14585173261127,0.038792661,0.0020343010859425,0.156242161503577,0.010205154,0.0008504295
"2012-07-31",318,0.005855286,0.00127999250438514,0.123935104198212,0.012518949,0.00153179718575785,0.135578634854811,0.011003984,0.000916998666666667
"2012-08-31",319,0.024105479,0.00117445337961919,0.118715797413109,0.019570602,0.00130525894623269,0.125152336593418,0.011481394,0.000956782833333333
"2012-09-28",320,0.030348332,0.0011662371428551,0.118299812824286,0.023947057,0.00120036074581484,0.120018035935346,0.010948307,0.000912358916666667
"2012-10-31",321,0.00852056,0.00100628377916613,0.109888149270035,-0.019987836,0.00144621384409275,0.13173673037203,0.010963594,0.000913632833333333
"2012-11-30",322,-0.014881287,0.00120856809066863,0.120427642541169,0.002842659,0.00120684085176389,0.120341556501346,0.010859742,0.0009049785
"2012-12-31",323,0.015734154,0.00107752505693097,0.113711479997279,0.007043447,0.00104824048065978,0.112155631904588,0.010789513,0.000899126083333333
"2013-01-31",324,0.020041532,0.0010383442605681,0.11162495745494,0.049197761,0.0011968159135859,0.119840689930552,0.010647894,0.0008873245
"2013-02-28",325,0.010710857,0.00095271323233042,0.106923144304519,0.010999882,0.00106352786792993,0.112970502411732,0.009914095,0.000826174583333334
"2013-03-28",326,-0.005623373,0.000996711146356652,0.109364225212269,0.035355367,0.0011204484920504,0.115954223315086,0.010665196,0.000888766333333334
"2013-04-30",327,-0.023280884,0.00139147856118256,0.129219745914433,0.017924162,0.00105503370715121,0.112518462866387,0.010620874,0.000885072833333333
"2013-05-31",328,0.015446291,0.00116806293495856,0.118392378215419,0.020550175,0.00102890709590671,0.111116538601958,0.01063914,0.000886595
"2013-06-28",329,-0.042081374,0.00201207093856508,0.155386136005697,-0.015112953,0.0012368769881728,0.121829897225901,0.010427963,0.000868996916666667
"2013-07-31",330,0.029048546,0.00155511390726091,0.13660661362881,0.048277758,0.00130999254760001,0.125379067516073,0.009622295,0.000801857916666667
"2013-08-30",331,0.013309461,0.00123238780503189,0.121608608496203,-0.031798262,0.00176921537749764,0.145707187640046,0.00965259700000001,0.000804383083333334
"2013-09-30",332,0.010479187,0.00105436787089923,0.112482951822891,0.029315544,0.00149549557151167,0.133962483024689,0.009181478,0.000765123166666667
"2013-10-31",333,0.043917768,0.0012117163081098,0.120584392428364,0.043629978,0.0014342102950556,0.131188884973793,0.008753555,0.000729462916666666
"2013-11-29",334,0.002548939,0.00100337087947823,0.109728986843672,0.02766328,0.00129901013751756,0.124852399457162,0.008514942,0.0007095785
"2013-12-31",335,0.016745346,0.000975660728961701,0.108203182705226,0.023289515,0.00119427318442277,0.119713316774172,0.008766037,0.000730503083333333
"2014-01-31",336,0.00536679,0.000884319107294299,0.103013733489917,-0.036231397,0.00179767720430541,0.146874526217669,0.008281049,0.000690087416666667
"2014-02-28",337,0.036894236,0.00105768573310268,0.112659792282927,0.042213382,0.00159451704662339,0.13832644201121,0.008486848,0.000707237333333333
"2014-03-31",338,0.008807248,0.000951812765337742,0.106872602588563,0.00690824,0.00126872246543239,0.123388287876883,0.008907145,0.000742262083333333
"2014-04-30",339,0.021845033,0.000982345703628425,0.108573239997437,0.006181651,0.00108094674377154,0.113891882613549,0.009388482,0.0007823735
"2014-05-30",340,-0.003260875,0.000972332461241556,0.108018468489878,0.020812198,0.00104719393525567,0.112099630789169,0.009326523,0.00077721025
"2014-06-30",341,0.036427299,0.0011042269319603,0.115111785597842,0.018878979,0.00101531492609661,0.11038015724377,0.009557864,0.000796488666666667
"2014-07-31",342,0.012120896,0.000998427614471409,0.1094583545174,-0.01519472,0.00122730731012079,0.121357685053109,0.009882888,0.000823574
"2014-08-29",343,0.01905964,0.000988293973521924,0.108901458586481,0.03696367,0.00123246865778033,0.121612597593193,0.009779791,0.000814982583333334
"2014-09-30",344,-0.043503613,0.00197115005886142,0.153797921658054,-0.015635458,0.0013818210822619,0.128770543942094,0.009697293,0.00080810775
"2014-10-31",345,-0.023481335,0.00188781893767378,0.150511884089215,0.022936394,0.00124015776595277,0.12199136523309,0.00969050699999999,0.00080754225
"2014-11-28",346,0.00895165,0.00135254359856351,0.127399070572599,0.024237469,0.00116411681207247,0.118192223707271,0.009480099,0.00079000825
"2014-12-31",347,-0.007645435,0.00125418005855054,0.122679096437031,-0.004197308,0.00113997658259406,0.116960330843961,0.00992416400000001,0.000827013666666667
"2015-01-30",348,0.002804871,0.00102314160308671,0.110804779847444,-0.031532822,0.00165129704091317,0.140767767940527,0.006010916,0.000500909666666667
"2015-02-27",349,0.037506306,0.00114374972202917,0.117153730902392,0.053438871,0.00159042929560989,0.138149019349826,0.006272958,0.0005227465
"2015-03-31",350,-0.022027152,0.00143618986044524,0.13127939032972,-0.017549145,0.00163675812428974,0.140146699895063,0.006112957,0.000509413083333333
"2015-04-30",351,0.021383672,0.00123547271543466,0.121760718563977,0.008484666,0.0013016508155508,0.1249792374221,0.007161717,0.00059680975
"2015-05-29",352,-0.013916239,0.00131096960552616,0.125425815788911,0.010436785,0.00112392012247779,0.116133722362342,0.006423838,0.000535319833333333
"2015-06-30",353,-0.031171975,0.00175374330251961,0.145068672118536,-0.021235662,0.00141230378364318,0.130183122576309,0.005506504,0.000458875333333334
"2015-07-31",354,-0.00583005,0.0014117698342709,0.13015851109801,0.019549693,0.00124005461959394,0.121986291996795,0.004060221,0.00033835175
"2015-08-31",355,-0.043045681,0.0021404312629293,0.160265951328258,-0.064624716,0.00266470331672181,0.178819573315288,0.00405010400000001,0.000337508666666667
"2015-09-30",356,-0.040651816,0.00239328748025956,0.169468137899473,-0.026798719,0.00242083240038942,0.170440572648278,0.004679919,0.00038999325
"2015-10-30",357,0.016560114,0.00162244040468105,0.139532379239274,0.079719343,0.00219422403173984,0.162267336148955,0.004794206,0.000399517166666667
"2015-11-30",358,-0.004400199,0.00132228638887266,0.125966013934204,0.000504836,0.00164794128005654,0.140624661282005,0.005357174,0.000446431166666667
"2015-12-31",359,-0.034731836,0.00185416862220414,0.14916441756146,-0.017685672,0.00167235696508091,0.141662569442217,0.005222149,0.000435179083333334
"2016-01-29",360,-0.014548078,0.00162915281918752,0.139820720318021,-0.052067641,0.00251260981276896,0.173641348051746,0.004971033,0.00041425275
"2016-02-29",361,0.002982639,0.00119914958356529,0.119957471642176,-0.0041369,0.00189140168642866,0.150654638949964,0.005470749,0.00045589575
"2016-03-31",362,0.048121961,0.00132822783135031,0.126248698908954,0.063904985,0.00179738415223753,0.146862554202391,0.005508817,0.000459068083333333
"2016-04-29",363,0.033312216,0.00127279679314971,0.123586251329978,0.002695733,0.00140151893451036,0.129685107911912,0.00638655900000001,0.000532213250000001
"2016-05-31",364,0.008159276,0.00106114361968051,0.112843801053342,0.015213183,0.00120858679255789,0.120428574311476,0.006379771,0.000531647583333333
"2016-06-30",365,-9.24e-05,0.000960599095311658,0.107364748142674,0.000905663,0.00108609733488027,0.114162901235748,0.00604798300000001,0.000503998583333334
"2016-07-29",366,0.036182016,0.00109775555714549,0.114773980874351,0.034990439,0.00113454160639479,0.116681186472959,0.006534177,0.00054451475
"2016-08-31",367,0.001048625,0.000962808106992851,0.107488126246178,-0.001219919,0.00107112135665771,0.113373084459639,0.006597365,0.000549780416666667
"2016-09-30",368,0.008723342,0.000899986350952553,0.103922260423023,-0.001235245,0.00103030355517661,0.111191918151093,0.006139245,0.00051160375
"2016-10-31",369,0.004160816,0.000835399534230701,0.100123895303611,-0.019616782,0.00131567771837719,0.125650836131425,0.005583186,0.0004652655
"2016-11-30",370,0.019792987,0.000901715329459413,0.104022035903519,0.033603472,0.00126728077909998,0.123318163095303,0.005636733,0.00046972775
"2016-12-30",371,0.013480339,0.000897273093297452,0.103765490986018,0.018037103,0.00114670946321117,0.117305215393579,0.005449877,0.000454156416666667
"2017-01-31",372,0.006415988,0.000848483619336289,0.100904922734401,0.017726298,0.00107246168797046,0.113443996119872,0.005154086,0.000429507166666666
"2017-02-28",373,0.000857568,0.000820070744078477,0.0992010530636733,0.036523098,0.00113562936865371,0.116737108169787,0.005310015,0.00044250125
"2017-03-31",374,0.009603564,0.000823871010381183,0.0994306397674992,-0.000389306,0.00105784948083912,0.11266851277118,0.006041782,0.000503481833333334
"2017-04-28",375,0.002460329,0.000781847341190485,0.096861592462058,0.009050141,0.000970615239851228,0.107923041461102,0.006123538,0.000510294833333334
"2017-05-31",376,-0.015270482,0.00107076080994136,0.113354001778924,0.011509718,0.000928590910540912,0.105560839928882,0.006176149,0.000514679083333333
"2017-06-30",377,-0.010985283,0.00115927548358113,0.117946198764409,0.004802283,0.000867358799447344,0.102021103666683,0.008776826,0.000731402166666667
"2017-07-31",378,-0.002525865,0.00105861861162888,0.112709464285599,0.019163962,0.000900565265305513,0.103955678938989,0.009855579,0.00082129825
"2017-08-31",379,0.004480206,0.000923465465251715,0.105269110298418,0.000546343,0.000894108112306329,0.103582321598215,0.010041873,0.00083682275
"2017-09-29",380,0.027427578,0.00100621028453769,0.109884136318453,0.019118957,0.000917540726210494,0.104930875887538,0.012043345,0.00100361208333333
"2017-10-31",381,0.024681799,0.00103177788436381,0.111271445628992,0.021945599,0.000947483588918551,0.106629278657518,0.011319145,0.000943262083333334
"2017-11-30",382,0.002611179,0.000907810510624787,0.104373014364334,0.027695515,0.000999704757722886,0.10952833922175,0.011346305,0.000945525416666666
"2017-12-29",383,0.008774191,0.000866542533988313,0.101973086683986,0.009783604,0.000935779978509297,0.105968673399791,0.013144729,0.00109539408333333
"2018-01-31",384,-0.01600737,0.00115224599960586,0.117588060598303,0.054657418,0.00115709010939849,0.117834974913147,0.014215534,0.00118462783333333
"2018-02-28",385,-0.032429006,0.0017231232755092,0.14379665957911,-0.039726116,0.00187328177370163,0.149931255195238,0.013759832,0.00114665266666667
"2018-03-29",386,-0.00489455,0.00139282049804013,0.129282040425117,-0.027252513,0.00201831786447013,0.155627164639216,0.014086826,0.00117390216666667
"2018-04-30",387,0.015535359,0.00116731429568475,0.118354431890897,0.002715112,0.00153192707716667,0.135584383046131,0.014355011,0.00119625091666667
"2018-05-31",388,0.028647883,0.0011476677891146,0.117354222205148,0.021378202,0.00131431508814716,0.12558575181033,0.015000429,0.00125003575
"2018-06-29",389,0.013370981,0.00102693355461243,0.111009921427542,0.004830713,0.00110404387931651,0.11510224390427,0.015275408,0.00127295066666667
"2018-07-31",390,0.009556275,0.000936264513049427,0.10599610444065,0.03538798,0.00114363836366756,0.117148027572003,0.016786549,0.00139887908333333
"2018-08-31",391,-0.010465895,0.00108759430242017,0.114241549486349,0.029814322,0.00113437189081286,0.116672459002776,0.017677835,0.00147315291666667
"2018-09-28",392,-0.011739421,0.00120265181788143,0.120132517723459,0.004285107,0.00100419568835168,0.109774078270875,0.01863222,0.001552685
"2018-10-31",393,-0.067278509,0.0030546749953065,0.191457828107596,-0.071929349,0.00288232440696494,0.185978205399394,0.020296806,0.0016914005
"2018-11-30",394,0.011282134,0.0018268272551576,0.148060552011301,0.029903982,0.00204822527708789,0.156775965393471,0.020049063,0.00167075525
"2018-12-31",395,-0.059290985,0.00291720935058585,0.187100273134569,-0.070461721,0.00334872559453459,0.200461235989443,0.018895216,0.00157460133333333
"2019-01-31",396,0.081596247,0.00238293955813222,0.169101374026312,0.039793136,0.00232938219025548,0.167190269702114,0.018637258,0.00155310483333333
"2019-02-28",397,0.029070291,0.00170531770690121,0.143051782522325,0.029599938,0.00178207325367628,0.146235696887304,0.018773437,0.00156445308333333
"2019-03-29",398,0.006423454,0.00124873548879581,0.122412523319919,0.039252324,0.00156091224775281,0.136861049875535,0.018132461,0.00151103841666667
"2019-04-30",399,0.029289647,0.00119281168768749,0.11964004451792,0.040360584,0.00144565250495512,0.131711161483989,0.018474064,0.00153950533333333
"2019-05-31",400,-0.033309591,0.00177895936152559,0.146107879110974,-0.062836945,0.00275794095428708,0.181921113264637,0.018189468,0.001515789
"2019-06-28",401,0.021265662,0.00138793578530521,0.129055141019885,0.03430291,0.0020207641988869,0.155721451273236,0.018510808,0.00154256733333333
"2019-07-31",402,0.001488278,0.00112468026931203,0.11617298839121,0.017104979,0.00154827315895407,0.1363058249212,0.01867851,0.0015565425
"2019-08-30",403,0.002161426,0.00097595890173817,0.108219715490561,-0.008162098,0.0014569953061663,0.132226864418678,0.017815832,0.00148465266666667
"2019-09-30",404,0.013081481,0.000930037685506267,0.105643041541198,0.013565634,0.001225429630628,0.121264815868149,0.018907427,0.00157561891666667
"2019-10-31",405,-0.010584943,0.00108962924035336,0.114348375083515,0.01495316,0.00109842584333338,0.114809015848062,0.018448127,0.00153734391666667
"2019-11-29",406,0.03323358,0.00113843612912438,0.116881279722172,0.042124669,0.00117987891786139,0.118989692891177,0.018444909,0.00153707575
"2019-12-31",407,0.001360629,0.000996024831617869,0.109326565753317,0.011552252,0.00105285221707909,0.112402075625627,0.018838752,0.001569896
"2020-01-31",408,0.014839453,0.000952555684637122,0.106914303138754,0.009843043,0.000966084316312086,0.1076708493314,0.017681727,0.00147347725
"2020-02-28",409,-0.06287658,0.00279049087704092,0.182991503968056,-0.074707719,0.00298742427214062,0.189338562542572,0.015079444,0.00125662033333333
"2020-03-31",410,-0.195227364,0.013364945177306,0.400473896936706,-0.076151256,0.00399598222794092,0.218978964138775,0.005409183,0.00045076525
"2020-04-30",411,0.099650939,0.0054254880776545,0.255158493748207,0.097718266,0.00307567946199614,0.192114948777948,0.00431007,0.0003591725
"2020-05-29",412,0.02749933,0.00274434015160035,0.181471986320766,0.037031039,0.00219512107914641,0.162300502000939,0.003972579,0.00033104825
"2020-06-30",413,0.020998583,0.00179454105696955,0.146746354924525,0.009661545,0.00159867764986516,0.138506793329359,0.003898821,0.00032490175
"2020-07-31",414,0.041288009,0.00156162745644164,0.13689240109407,0.035623332,0.00144428895905488,0.1316490315523,0.003437256,0.000286438
"2020-08-31",415,0.021124541,0.00129557528688001,0.12468722245106,0.042616909,0.00140104459973211,0.129663160522892,0.003155255,0.000262937916666667
"2020-09-30",416,-0.024085145,0.00156052949387051,0.136844268884182,-0.017080364,0.00150642778656122,0.134451230707401,0.002919151,0.000243262583333333
"2020-10-30",417,-0.034121081,0.00194868706015859,0.152919078999002,-0.033186951,0.0019129515962878,0.151510458897905,0.002678481,0.00022320675
"2020-11-30",418,0.098318791,0.00218284099489758,0.161845889471345,0.076842698,0.00190731199159961,0.151286958787581,0.002712556,0.000226046333333334
"2020-12-31",419,0.014042612,0.00151892587990802,0.135007816658504,0.01842517,0.00150551107427874,0.134410315420153,0.002065776,0.000172148
"2021-01-29",420,-0.005544983,0.00128840524656602,0.12434171849702,-0.004928965,0.00135284895527125,0.127413450872563,0.00117645,9.80375000000002e-05
"2021-02-26",421,0.040873256,0.00131638517665447,0.125684613695765,0.008382795,0.00114503838755662,0.117219711016021,0.001592329,0.000132694083333333
"2021-03-31",422,0.034844712,0.00128149905422223,0.124008018493429,0.042426836,0.00122003845259842,0.120997774488546,0.000420225999999996,3.5018833333333e-05
"2021-04-30",423,0.021561922,0.00116299270731978,0.118135145015518,0.023413504,0.00115169604962102,0.11755999572751,0.000446096999999999,3.717475e-05
"2021-05-31",424,0.032068166,0.00118056940447037,0.119024505265279,0.102274133,0.00166951965786341,0.141542346647076,0.000650933999999999,5.42444999999999e-05
"2021-06-30",425,0.02178716,0.00111217161011778,0.11552514584026,-0.065104241,0.0029081125865896,0.186808327006788,0.001632631,0.000136052583333334
"2021-07-30",426,0.006041596,0.000966615391547805,0.107700439639649,0.026767652,0.00204960062475747,0.156828592728143,0.001816161,0.00015134675
"2021-08-31",427,0.014440894,0.000943020823339513,0.106377863675081,0.041316568,0.00172624262265085,0.143926757317082,0.001783256,0.000148604666666666
"2021-09-29",428,-0.02085448,0.00128532572482901,0.124193029989401,-0.031370128,0.00200222809505366,0.155005603578206,0.001668745,0.000139062083333333
"2021-10-29",429,0.042681354,0.00132949212789928,0.126308770617053,0.028427885,0.00161758338945608,0.13932336729161,0.00404373,0.0003369775
"2021-11-30",430,-0.018088063,0.00144370945356667,0.131622617519939,0.022880777,0.00137605973735653,0.128501816517426,0.003759495,0.00031329125
"2021-12-31",431,0.026876649,0.00128167861079294,0.124016705848508,0.043190919,0.00136449355281876,0.127960629233468,0.00444716100000001,0.00037059675
"2022-01-31",432,-0.005883607,0.00117695287363966,0.11884205688087,-0.052865367,0.00235139390426902,0.167978352329186,0.00660619600000001,0.000550516333333334
"2022-02-09",433,0.023695199,0.00112061198032496,0.115962682634973,0.011520818,0.0016854319069564,0.142215269515888,0.007183361,0.000598613416666667
